1.0,1.0,12
0.375271,0.910861,1.000000
0.335371,0.840347,2.000000
0.185499,0.660673,3.000000
0.036958,0.454489,4.000000
0.138965,0.354924,5.000000
0.176080,0.083818,6.000000
0.483207,0.304625,7.000000
0.632189,0.421156,8.000000
0.816613,0.496784,9.000000
0.812009,0.795055,10.000000
0.691758,0.869491,11.000000
0.981347,0.796220,12.000000
0.319890,0.992328,1.000000
0.300521,0.749340,2.000000
0.220136,0.720607,3.000000
0.084525,0.294443,4.000000
0.169638,0.218065,5.000000
0.245746,0.146246,6.000000
0.471872,0.219051,7.000000
0.579213,0.395200,8.000000
0.816387,0.438265,9.000000
0.736978,0.801944,10.000000
0.656607,0.976839,11.000000
0.842151,0.798802,12.000000
0.399911,0.945793,1.000000
0.265342,0.685602,2.000000
0.079799,0.632476,3.000000
0.171721,0.296209,4.000000
0.180003,0.271616,5.000000
0.123384,0.195224,6.000000
0.441554,0.185033,7.000000
0.658753,0.297374,8.000000
0.746527,0.481838,9.000000
0.750021,0.809351,10.000000
0.669036,0.883502,11.000000
0.933000,0.814435,12.000000
0.365332,0.829230,1.000000
0.247721,0.822627,2.000000
0.216922,0.704440,3.000000
0.085108,0.330690,4.000000
0.155010,0.275863,5.000000
0.233960,0.084575,6.000000
0.439073,0.186542,7.000000
0.570803,0.398177,8.000000
0.743778,0.549781,9.000000
0.756849,0.857958,10.000000
0.623552,0.864317,11.000000
0.904138,0.786780,12.000000
0.498450,0.970972,1.000000
0.291002,0.748887,2.000000
0.199618,0.594303,3.000000
0.069852,0.337322,4.000000
0.220032,0.246159,5.000000
0.178992,0.040954,6.000000
0.545595,0.283746,7.000000
0.610008,0.367090,8.000000
0.776998,0.558403,9.000000
0.716829,0.805272,10.000000
0.629172,0.884462,11.000000
0.971580,0.759859,12.000000
0.381915,0.819991,1.000000
0.328654,0.688916,2.000000
0.186996,0.692295,3.000000
0.082076,0.448479,4.000000
0.124852,0.382168,5.000000
0.261622,0.198347,6.000000
0.502052,0.303198,7.000000
0.618631,0.323334,8.000000
0.722440,0.489456,9.000000
0.829512,0.867306,10.000000
0.716665,0.893583,11.000000
0.875343,0.774364,12.000000
0.450511,0.901907,1.000000
0.328569,0.746527,2.000000
0.234777,0.656055,3.000000
0.124402,0.430215,4.000000
0.200579,0.330787,5.000000
0.162796,0.156837,6.000000
0.543286,0.311513,7.000000
0.630141,0.362268,8.000000
0.805074,0.550830,9.000000
0.759079,0.746644,10.000000
0.671785,0.940506,11.000000
0.887656,0.848731,12.000000
0.433236,0.923502,1.000000
0.358211,0.804037,2.000000
0.125885,0.626738,3.000000
0.158045,0.297275,4.000000
0.095224,0.389519,5.000000
0.184431,0.024024,6.000000
0.561744,0.165243,7.000000
0.631625,0.422884,8.000000
0.787521,0.514774,9.000000
0.832883,0.770519,10.000000
0.569747,0.926993,11.000000
0.947448,0.759090,12.000000
0.459397,0.869128,1.000000
0.273326,0.729130,2.000000
0.194299,0.681032,3.000000
0.120660,0.463941,4.000000
0.242206,0.386485,5.000000
0.271661,0.149254,6.000000
0.504745,0.281453,7.000000
0.588181,0.312595,8.000000
0.771721,0.466616,9.000000
0.795286,0.809834,10.000000
0.637066,0.854333,11.000000
0.900115,0.862022,12.000000
0.407304,0.892888,1.000000
0.286446,0.826057,2.000000
0.135843,0.699563,3.000000
0.059535,0.451811,4.000000
0.185101,0.287760,5.000000
0.208659,0.120500,6.000000
0.484523,0.230979,7.000000
0.663594,0.382893,8.000000
0.796601,0.520139,9.000000
0.808762,0.792591,10.000000
0.612685,0.859075,11.000000
0.891997,0.846340,12.000000
0.379258,0.846990,1.000000
0.246819,0.751045,2.000000
0.172364,0.703872,3.000000
0.130262,0.421209,4.000000
0.189082,0.348066,5.000000
0.116687,0.028006,6.000000
0.450803,0.347877,7.000000
0.638254,0.269313,8.000000
0.767637,0.501871,9.000000
0.768378,0.729261,10.000000
0.556586,0.992429,11.000000
0.977195,0.811339,12.000000
0.388671,0.960576,1.000000
0.280226,0.785213,2.000000
0.162611,0.619240,3.000000
0.124968,0.456244,4.000000
0.238078,0.360611,5.000000
0.251529,0.150499,6.000000
0.502930,0.323276,7.000000
0.606809,0.413526,8.000000
0.833654,0.501307,9.000000
0.817379,0.784153,10.000000
0.650400,0.892409,11.000000
0.954897,0.820292,12.000000
0.424894,0.901623,1.000000
0.292173,0.784646,2.000000
0.159770,0.635208,3.000000
0.126578,0.423650,4.000000
0.173124,0.321971,5.000000
0.219146,0.065441,6.000000
0.558533,0.325780,7.000000
0.687266,0.406903,8.000000
0.787378,0.559314,9.000000
0.818077,0.845711,10.000000
0.604581,0.941808,11.000000
0.939032,0.836626,12.000000
0.419922,0.918378,1.000000
0.286286,0.713019,2.000000
0.186744,0.707364,3.000000
0.131593,0.335429,4.000000
0.247095,0.259042,5.000000
0.258534,0.139953,6.000000
0.576605,0.195735,7.000000
0.583153,0.380660,8.000000
0.788201,0.565353,9.000000
0.802629,0.742609,10.000000
0.626104,0.943518,11.000000
0.971104,0.790671,12.000000
0.360291,0.805280,1.000000
0.216170,0.839606,2.000000
0.147215,0.599964,3.000000
0.090610,0.326050,4.000000
0.131800,0.333983,5.000000
0.267041,0.181544,6.000000
0.489722,0.359639,7.000000
0.664798,0.432797,8.000000
0.720147,0.586847,9.000000
0.794038,0.804019,10.000000
0.665488,0.946640,11.000000
0.816192,0.750621,12.000000
0.390528,0.977518,1.000000
0.208462,0.720298,2.000000
0.262209,0.664935,3.000000
0.185640,0.492322,4.000000
0.226024,0.290262,5.000000
0.256417,0.187790,6.000000
0.543403,0.316206,7.000000
0.564601,0.426470,8.000000
0.841362,0.484030,9.000000
0.874534,0.773466,10.000000
0.687888,0.809510,11.000000
0.876454,0.913523,12.000000
0.473916,0.940834,1.000000
0.289305,0.817982,2.000000
0.227211,0.640804,3.000000
0.048403,0.350723,4.000000
0.153557,0.282342,5.000000
0.159758,0.062295,6.000000
0.506413,0.222946,7.000000
0.561548,0.396351,8.000000
0.727855,0.447196,9.000000
0.750484,0.766317,10.000000
0.574908,0.851977,11.000000
0.930699,0.766070,12.000000
0.425836,0.848150,1.000000
0.331418,0.720170,2.000000
0.252660,0.565397,3.000000
0.071149,0.480317,4.000000
0.179160,0.312640,5.000000
0.140727,0.182353,6.000000
0.518737,0.222552,7.000000
0.674046,0.351181,8.000000
0.744511,0.571409,9.000000
0.815443,0.701709,10.000000
0.577703,0.979519,11.000000
0.946524,0.844360,12.000000
0.368001,0.828175,1.000000
0.318873,0.838444,2.000000
0.219658,0.589044,3.000000
0.139667,0.408386,4.000000
0.204334,0.317569,5.000000
0.281141,0.080104,6.000000
0.540957,0.320872,7.000000
0.624288,0.435905,8.000000
0.812784,0.552973,9.000000
0.849095,0.779038,10.000000
0.594801,0.889748,11.000000
0.958236,0.838236,12.000000
0.362700,0.892654,1.000000
0.213090,0.776673,2.000000
0.177730,0.673206,3.000000
0.146624,0.412195,4.000000
0.106275,0.246975,5.000000
0.132375,0.063222,6.000000
0.531951,0.210494,7.000000
0.611722,0.280121,8.000000
0.869368,0.467419,9.000000
0.813160,0.784732,10.000000
0.641458,0.910695,11.000000
0.858278,0.871947,12.000000
0.443838,0.953643,1.000000
0.222202,0.734221,2.000000
0.183228,0.655661,3.000000
0.030107,0.379213,4.000000
0.228044,0.265427,5.000000
0.190555,0.061968,6.000000
0.430913,0.293012,7.000000
0.582469,0.322904,8.000000
0.749247,0.545705,9.000000
0.712544,0.707875,10.000000
0.574704,0.896529,11.000000
0.984017,0.817856,12.000000
0.454248,0.888862,1.000000
0.254376,0.794743,2.000000
0.179470,0.604420,3.000000
0.082949,0.418320,4.000000
0.186580,0.290297,5.000000
0.245644,0.084495,6.000000
0.498132,0.239999,7.000000
0.623696,0.376902,8.000000
0.841096,0.485017,9.000000
0.761139,0.758191,10.000000
0.600966,0.949738,11.000000
0.922847,0.886048,12.000000
0.427292,0.855984,1.000000
0.342327,0.769058,2.000000
0.140469,0.560470,3.000000
0.146589,0.370486,4.000000
0.216050,0.275817,5.000000
0.178626,0.138628,6.000000
0.553204,0.322870,7.000000
0.612375,0.353734,8.000000
0.771895,0.467124,9.000000
0.809091,0.770453,10.000000
0.597258,0.946225,11.000000
0.963467,0.892648,12.000000
0.492166,0.934976,1.000000
0.360616,0.770592,2.000000
0.139259,0.557192,3.000000
0.058019,0.369364,4.000000
0.144398,0.273042,5.000000
0.209522,0.177935,6.000000
0.454095,0.256760,7.000000
0.712103,0.377410,8.000000
0.748429,0.565892,9.000000
0.839830,0.736155,10.000000
0.645251,0.887452,11.000000
0.912387,0.890341,12.000000
0.474970,0.921001,1.000000
0.298754,0.866953,2.000000
0.238527,0.598503,3.000000
0.156633,0.399295,4.000000
0.112084,0.337885,5.000000
0.152328,0.180402,6.000000
0.551681,0.237620,7.000000
0.642753,0.306017,8.000000
0.781371,0.581544,9.000000
0.777512,0.754193,10.000000
0.672353,0.832577,11.000000
0.972063,0.849887,12.000000
0.366904,0.971893,1.000000
0.254139,0.751267,2.000000
0.106490,0.606561,3.000000
0.058243,0.346373,4.000000
0.204080,0.376417,5.000000
0.197414,0.135123,6.000000
0.470854,0.288079,7.000000
0.623530,0.415868,8.000000
0.790035,0.464037,9.000000
0.812391,0.723562,10.000000
0.674933,0.975368,11.000000
0.883913,0.788011,12.000000
0.484052,0.902741,1.000000
0.284987,0.739660,2.000000
0.209281,0.689979,3.000000
0.123596,0.382189,4.000000
0.231207,0.277028,5.000000
0.275770,0.096140,6.000000
0.492144,0.337200,7.000000
0.627137,0.393473,8.000000
0.780169,0.499307,9.000000
0.801719,0.800823,10.000000
0.690501,0.954140,11.000000
0.943252,0.844354,12.000000
0.389522,0.925477,1.000000
0.240299,0.850419,2.000000
0.202745,0.689035,3.000000
0.074945,0.394043,4.000000
0.231821,0.368867,5.000000
0.241023,0.151674,6.000000
0.513548,0.251109,7.000000
0.628795,0.369080,8.000000
0.790361,0.567509,9.000000
0.728830,0.743424,10.000000
0.699265,0.886280,11.000000
0.968461,0.826101,12.000000
0.353546,0.922557,1.000000
0.324748,0.840490,2.000000
0.158565,0.659481,3.000000
0.126002,0.392399,4.000000
0.154812,0.304151,5.000000
0.213122,0.101385,6.000000
0.426310,0.217258,7.000000
0.698335,0.390771,8.000000
0.851731,0.508975,9.000000
0.714719,0.817460,10.000000
0.659441,0.904410,11.000000
0.983318,0.906242,12.000000
0.365221,0.890460,1.000000
0.268902,0.805921,2.000000
0.235379,0.624521,3.000000
0.056032,0.405418,4.000000
0.186730,0.321922,5.000000
0.254917,0.096644,6.000000
0.535288,0.289922,7.000000
0.684074,0.344830,8.000000
0.793717,0.564177,9.000000
0.828326,0.836330,10.000000
0.678608,0.841281,11.000000
0.979311,0.872405,12.000000
0.421333,0.959230,1.000000
0.316823,0.834313,2.000000
0.144553,0.557621,3.000000
0.173672,0.374147,4.000000
0.259162,0.378746,5.000000
0.255754,0.106320,6.000000
0.427670,0.198434,7.000000
0.585266,0.449177,8.000000
0.873743,0.466523,9.000000
0.822214,0.829003,10.000000
0.537443,0.896014,11.000000
0.915311,0.799334,12.000000
0.369092,0.884386,1.000000
0.270305,0.841251,2.000000
0.144322,0.563376,3.000000
0.135745,0.354472,4.000000
0.159146,0.339042,5.000000
0.165172,0.035664,6.000000
0.485979,0.275865,7.000000
0.675595,0.347009,8.000000
0.793075,0.521791,9.000000
0.792985,0.710809,10.000000
0.700483,0.891896,11.000000
0.870425,0.785582,12.000000
0.483966,0.898419,1.000000
0.251396,0.821391,2.000000
0.176633,0.648689,3.000000
0.051082,0.389405,4.000000
0.152416,0.308338,5.000000
0.197562,0.165734,6.000000
0.441147,0.190183,7.000000
0.607465,0.428745,8.000000
0.844357,0.498613,9.000000
0.848484,0.807664,10.000000
0.658957,0.842433,11.000000
0.914335,0.769600,12.000000
0.427920,0.897997,1.000000
0.291289,0.782701,2.000000
0.181777,0.595838,3.000000
0.076588,0.393039,4.000000
0.204070,0.271656,5.000000
0.192609,0.111444,6.000000
0.518459,0.274457,7.000000
0.663523,0.361785,8.000000
0.821716,0.561169,9.000000
0.764884,0.828731,10.000000
0.634546,0.864486,11.000000
0.967591,0.894999,12.000000
0.457816,0.934929,1.000000
0.250123,0.841923,2.000000
0.227010,0.652996,3.000000
0.154273,0.421845,4.000000
0.142664,0.310154,5.000000
0.231061,0.149442,6.000000
0.488400,0.304225,7.000000
0.669429,0.366686,8.000000
0.744209,0.525522,9.000000
0.829490,0.775531,10.000000
0.641578,0.864277,11.000000
0.865650,0.776750,12.000000
0.465035,0.946226,1.000000
0.311439,0.747582,2.000000
0.164482,0.626295,3.000000
0.058392,0.465115,4.000000
0.151290,0.315488,5.000000
0.208058,0.127365,6.000000
0.468650,0.292015,7.000000
0.616415,0.356321,8.000000
0.755081,0.510523,9.000000
0.771720,0.803479,10.000000
0.651515,0.938072,11.000000
0.942317,0.815836,12.000000
0.421364,0.826644,1.000000
0.333074,0.712574,2.000000
0.148226,0.628069,3.000000
0.126847,0.387430,4.000000
0.181829,0.379601,5.000000
0.217047,0.173015,6.000000
0.460592,0.186705,7.000000
0.623558,0.323358,8.000000
0.767441,0.607125,9.000000
0.756443,0.752827,10.000000
0.560206,0.852974,11.000000
0.915645,0.840760,12.000000
0.446466,0.955543,1.000000
0.297674,0.828591,2.000000
0.175063,0.697293,3.000000
0.067713,0.428925,4.000000
0.203315,0.293573,5.000000
0.269560,0.074732,6.000000
0.493427,0.270763,7.000000
0.614016,0.397090,8.000000
0.799666,0.475170,9.000000
0.775311,0.760323,10.000000
0.667472,0.933381,11.000000
0.862911,0.875594,12.000000
0.346185,0.966208,1.000000
0.345052,0.847490,2.000000
0.156793,0.618089,3.000000
0.022996,0.334524,4.000000
0.201297,0.242322,5.000000
0.176180,0.150767,6.000000
0.480273,0.233981,7.000000
0.625226,0.434097,8.000000
0.721803,0.473481,9.000000
0.763157,0.761453,10.000000
0.599037,0.949760,11.000000
0.975927,0.800832,12.000000
0.403599,0.885126,1.000000
0.332312,0.811746,2.000000
0.218041,0.575858,3.000000
0.156821,0.403751,4.000000
0.192148,0.298013,5.000000
0.189538,0.146797,6.000000
0.475557,0.292666,7.000000
0.690108,0.415786,8.000000
0.816196,0.587713,9.000000
0.760396,0.830213,10.000000
0.674025,0.877489,11.000000
0.952600,0.831941,12.000000
0.422201,0.921901,1.000000
0.350896,0.765465,2.000000
0.249527,0.704838,3.000000
0.134305,0.418806,4.000000
0.212062,0.257399,5.000000
0.180960,0.129027,6.000000
0.546283,0.223630,7.000000
0.560675,0.323967,8.000000
0.794691,0.477996,9.000000
0.860620,0.720472,10.000000
0.697995,0.880998,11.000000
0.930730,0.891232,12.000000
0.457971,0.863161,1.000000
0.337473,0.737165,2.000000
0.162808,0.706612,3.000000
0.137749,0.412866,4.000000
0.230279,0.307006,5.000000
0.269350,0.161790,6.000000
0.510350,0.207979,7.000000
0.693129,0.407462,8.000000
0.827687,0.530896,9.000000
0.784739,0.724363,10.000000
0.684187,0.919912,11.000000
0.885773,0.818800,12.000000
0.459661,0.916925,1.000000
0.310665,0.793027,2.000000
0.173759,0.620026,3.000000
0.068486,0.404015,4.000000
0.188044,0.291934,5.000000
0.187503,0.095918,6.000000
0.518041,0.303684,7.000000
0.687040,0.318429,8.000000
0.835791,0.501838,9.000000
0.824323,0.802490,10.000000
0.687155,0.856789,11.000000
0.974494,0.849856,12.000000
0.425307,0.873586,1.000000
0.287819,0.755786,2.000000
0.224214,0.649124,3.000000
0.058155,0.395038,4.000000
0.149871,0.270447,5.000000
0.183598,0.054204,6.000000
0.498842,0.282852,7.000000
0.609977,0.357147,8.000000
0.807468,0.491877,9.000000
0.747347,0.764252,10.000000
0.604425,0.961132,11.000000
0.868901,0.890044,12.000000
0.469639,0.910698,1.000000
0.291585,0.826009,2.000000
0.159425,0.655038,3.000000
0.073335,0.336534,4.000000
0.123502,0.262073,5.000000
0.174029,0.183779,6.000000
0.564708,0.308896,7.000000
0.580748,0.371147,8.000000
0.858852,0.590656,9.000000
0.841566,0.798896,10.000000
0.656159,0.917234,11.000000
0.873269,0.861462,12.000000
0.403836,0.931364,1.000000
0.323694,0.746360,2.000000
0.237079,0.616103,3.000000
0.148565,0.458556,4.000000
0.197827,0.329031,5.000000
0.223996,0.156725,6.000000
0.464865,0.246008,7.000000
0.634852,0.334500,8.000000
0.827086,0.586551,9.000000
0.768784,0.813852,10.000000
0.596558,0.946144,11.000000
0.944540,0.873012,12.000000
0.400575,0.946585,1.000000
0.329981,0.748066,2.000000
0.188137,0.617704,3.000000
0.076151,0.457045,4.000000
0.169082,0.282211,5.000000
0.253641,0.159962,6.000000
0.545238,0.305101,7.000000
0.639246,0.315589,8.000000
0.792877,0.499552,9.000000
0.779312,0.846837,10.000000
0.687788,0.865366,11.000000
0.848426,0.903926,12.000000
0.499316,0.992297,1.000000
0.356224,0.786292,2.000000
0.219397,0.701372,3.000000
0.074114,0.479935,4.000000
0.246020,0.392546,5.000000
0.291009,0.126609,6.000000
0.491478,0.279081,7.000000
0.662897,0.310999,8.000000
0.717506,0.460862,9.000000
0.756899,0.795502,10.000000
0.621354,0.969714,11.000000
0.849043,0.918841,12.000000
0.420657,0.968393,1.000000
0.265012,0.860711,2.000000
0.245578,0.651214,3.000000
0.149735,0.451441,4.000000
0.205816,0.351078,5.000000
0.253223,0.054754,6.000000
0.495002,0.283130,7.000000
0.609064,0.388361,8.000000
0.767990,0.507519,9.000000
0.832736,0.733792,10.000000
0.618558,0.870012,11.000000
0.864968,0.879169,12.000000
0.481382,0.912751,1.000000
0.232437,0.802232,2.000000
0.132046,0.609812,3.000000
0.106209,0.409526,4.000000
0.151338,0.313711,5.000000
0.232872,0.129542,6.000000
0.562357,0.283782,7.000000
0.593938,0.319452,8.000000
0.814249,0.563807,9.000000
0.782012,0.844399,10.000000
0.607628,0.943380,11.000000
0.914651,0.827614,12.000000
0.433494,0.899485,1.000000
0.312712,0.814408,2.000000
0.145593,0.638767,3.000000
0.082836,0.450192,4.000000
0.197150,0.325855,5.000000
0.224019,0.116886,6.000000
0.491864,0.314640,7.000000
0.671281,0.325649,8.000000
0.820993,0.487787,9.000000
0.830987,0.799967,10.000000
0.636600,0.890111,11.000000
0.959102,0.888338,12.000000
0.429713,0.866932,1.000000
0.244303,0.794126,2.000000
0.152380,0.645845,3.000000
0.094546,0.377435,4.000000
0.158390,0.363754,5.000000
0.232585,0.151980,6.000000
0.518083,0.233731,7.000000
0.578236,0.394789,8.000000
0.750293,0.566558,9.000000
0.841934,0.733657,10.000000
0.629718,0.920800,11.000000
0.980368,0.779341,12.000000
0.391152,0.856471,1.000000
0.337070,0.768557,2.000000
0.221630,0.626524,3.000000
0.089217,0.417827,4.000000
0.199883,0.334265,5.000000
0.177226,0.156458,6.000000
0.512269,0.279831,7.000000
0.602421,0.317558,8.000000
0.774958,0.474188,9.000000
0.831914,0.764737,10.000000
0.621771,0.879735,11.000000
0.966016,0.834757,12.000000
0.379626,0.897852,1.000000
0.280335,0.808164,2.000000
0.141146,0.681666,3.000000
0.127829,0.439658,4.000000
0.218448,0.271293,5.000000
0.215930,0.119313,6.000000
0.531895,0.244615,7.000000
0.674943,0.309279,8.000000
0.815525,0.510444,9.000000
0.794722,0.807689,10.000000
0.647822,0.959353,11.000000
0.932322,0.836712,12.000000
0.457739,0.914246,1.000000
0.230786,0.783591,2.000000
0.149271,0.699558,3.000000
0.117415,0.417868,4.000000
0.158260,0.327117,5.000000
0.248021,0.159521,6.000000
0.457858,0.203525,7.000000
0.614637,0.394361,8.000000
0.803651,0.543950,9.000000
0.759533,0.794648,10.000000
0.596801,0.934501,11.000000
0.868358,0.780219,12.000000
0.384459,0.910578,1.000000
0.275665,0.762490,2.000000
0.241078,0.662029,3.000000
0.091501,0.481204,4.000000
0.208027,0.348238,5.000000
0.209464,0.021270,6.000000
0.459761,0.290028,7.000000
0.594567,0.377191,8.000000
0.879469,0.550194,9.000000
0.875026,0.818374,10.000000
0.597848,0.914730,11.000000
0.959848,0.852231,12.000000
0.462711,0.826653,1.000000
0.280114,0.833011,2.000000
0.173204,0.666247,3.000000
0.064399,0.449415,4.000000
0.246790,0.256372,5.000000
0.218942,0.060123,6.000000
0.557587,0.287690,7.000000
0.576874,0.322866,8.000000
0.808252,0.572276,9.000000
0.793646,0.784882,10.000000
0.656738,0.843983,11.000000
0.953763,0.770363,12.000000
0.381463,0.926174,1.000000
0.262196,0.721039,2.000000
0.181417,0.681821,3.000000
0.156357,0.322882,4.000000
0.162614,0.285190,5.000000
0.185603,0.045635,6.000000
0.500146,0.311147,7.000000
0.599950,0.387798,8.000000
0.736423,0.530898,9.000000
0.732634,0.759419,10.000000
0.657317,0.950612,11.000000
0.875502,0.868642,12.000000
0.427465,0.876517,1.000000
0.312093,0.779980,2.000000
0.135834,0.590512,3.000000
0.048542,0.363959,4.000000
0.228909,0.360075,5.000000
0.203388,0.141796,6.000000
0.455358,0.273392,7.000000
0.698840,0.330817,8.000000
0.813577,0.561963,9.000000
0.780480,0.731796,10.000000
0.681890,0.897218,11.000000
0.966300,0.817731,12.000000
0.407872,0.887894,1.000000
0.341580,0.821676,2.000000
0.203618,0.642065,3.000000
0.092868,0.456120,4.000000
0.209467,0.319080,5.000000
0.246909,0.159668,6.000000
0.496555,0.331291,7.000000
0.635982,0.366946,8.000000
0.796705,0.560095,9.000000
0.843552,0.828662,10.000000
0.686344,0.960414,11.000000
0.903635,0.797807,12.000000
0.484872,0.841760,1.000000
0.235093,0.838648,2.000000
0.087666,0.537655,3.000000
0.139940,0.349221,4.000000
0.244227,0.269892,5.000000
0.141443,0.026391,6.000000
0.502146,0.266652,7.000000
0.580138,0.432852,8.000000
0.823622,0.466864,9.000000
0.704936,0.678305,10.000000
0.704768,0.945957,11.000000
0.974889,0.899283,12.000000
0.424217,0.929682,1.000000
0.225945,0.853102,2.000000
0.193673,0.690701,3.000000
0.141349,0.376923,4.000000
0.137824,0.298982,5.000000
0.256748,0.159558,6.000000
0.547399,0.249058,7.000000
0.579741,0.424062,8.000000
0.746653,0.552645,9.000000
0.783726,0.731068,10.000000
0.693690,0.942892,11.000000
0.912999,0.818791,12.000000
0.492663,0.876856,1.000000
0.352061,0.803630,2.000000
0.158855,0.629854,3.000000
0.151892,0.439544,4.000000
0.137535,0.221884,5.000000
0.268599,0.170594,6.000000
0.570158,0.210411,7.000000
0.663010,0.299344,8.000000
0.819133,0.433227,9.000000
0.700369,0.740738,10.000000
0.623517,0.947474,11.000000
0.825925,0.778572,12.000000
0.384202,0.895699,1.000000
0.294801,0.728857,2.000000
0.168386,0.648672,3.000000
0.041727,0.390767,4.000000
0.231187,0.296137,5.000000
0.273096,0.097147,6.000000
0.528427,0.343176,7.000000
0.660733,0.331255,8.000000
0.728932,0.482149,9.000000
0.799255,0.788079,10.000000
0.651780,0.858076,11.000000
0.903480,0.811666,12.000000
0.423619,0.998320,1.000000
0.187489,0.851858,2.000000
0.143177,0.532379,3.000000
0.083854,0.360033,4.000000
0.258070,0.393667,5.000000
0.154091,0.060628,6.000000
0.461663,0.222079,7.000000
0.566101,0.387918,8.000000
0.881497,0.483462,9.000000
0.820997,0.686436,10.000000
0.681420,0.935716,11.000000
0.963692,0.792788,12.000000
0.448881,0.947028,1.000000
0.243336,0.842308,2.000000
0.163782,0.700910,3.000000
0.062236,0.382705,4.000000
0.170465,0.329099,5.000000
0.227564,0.126897,6.000000
0.488340,0.258704,7.000000
0.594257,0.374540,8.000000
0.820620,0.585996,9.000000
0.792780,0.820230,10.000000
0.611070,0.853409,11.000000
0.915492,0.881683,12.000000
0.411891,0.902243,1.000000
0.321526,0.824606,2.000000
0.214225,0.652021,3.000000
0.115993,0.409775,4.000000
0.187954,0.362617,5.000000
0.165150,0.080351,6.000000
0.496383,0.303514,7.000000
0.677369,0.369515,8.000000
0.778264,0.547819,9.000000
0.827898,0.753541,10.000000
0.605489,0.927160,11.000000
0.949716,0.843162,12.000000
0.459255,0.941218,1.000000
0.238513,0.851682,2.000000
0.243769,0.577240,3.000000
0.160082,0.323528,4.000000
0.190939,0.329621,5.000000
0.160222,0.138208,6.000000
0.462852,0.325652,7.000000
0.668371,0.336394,8.000000
0.821151,0.527370,9.000000
0.758573,0.838325,10.000000
0.561506,0.827185,11.000000
0.907610,0.892891,12.000000
0.456648,0.881872,1.000000
0.329057,0.778704,2.000000
0.224737,0.599355,3.000000
0.018164,0.370618,4.000000
0.186504,0.288043,5.000000
0.267752,0.033406,6.000000
0.445781,0.314139,7.000000
0.695266,0.389565,8.000000
0.828848,0.556853,9.000000
0.812521,0.712469,10.000000
0.640630,0.825878,11.000000
0.863569,0.887859,12.000000
0.353271,0.949881,1.000000
0.255133,0.760717,2.000000
0.132225,0.607815,3.000000
0.071786,0.381149,4.000000
0.187898,0.365313,5.000000
0.214488,0.021990,6.000000
0.400313,0.354701,7.000000
0.701824,0.254532,8.000000
0.846641,0.595206,9.000000
0.873327,0.692272,10.000000
0.646252,0.933342,11.000000
0.950139,0.830915,12.000000
0.402330,0.975093,1.000000
0.232259,0.742387,2.000000
0.146472,0.705032,3.000000
0.103919,0.311907,4.000000
0.221890,0.228337,5.000000
0.146220,0.152664,6.000000
0.557933,0.178985,7.000000
0.718448,0.395612,8.000000
0.750885,0.488696,9.000000
0.713859,0.692375,10.000000
0.552136,0.952171,11.000000
0.942694,0.833174,12.000000
0.452109,0.928230,1.000000
0.318951,0.792848,2.000000
0.167034,0.716337,3.000000
0.037562,0.369914,4.000000
0.258758,0.335467,5.000000
0.186800,0.036132,6.000000
0.547181,0.247643,7.000000
0.600230,0.372223,8.000000
0.750392,0.583122,9.000000
0.726477,0.828451,10.000000
0.697605,0.902330,11.000000
0.860424,0.801285,12.000000
0.419897,0.928137,1.000000
0.202364,0.765555,2.000000
0.204935,0.615792,3.000000
0.144280,0.334775,4.000000
0.157792,0.252300,5.000000
0.136949,0.034109,6.000000
0.526899,0.226563,7.000000
0.578842,0.444817,8.000000
0.786038,0.610473,9.000000
0.690245,0.683062,10.000000
0.672743,0.885445,11.000000
0.986968,0.898644,12.000000
0.323522,0.948793,1.000000
0.285014,0.879327,2.000000
0.255288,0.710935,3.000000
0.183528,0.459584,4.000000
0.086565,0.349193,5.000000
0.277774,0.153064,6.000000
0.532079,0.328117,7.000000
0.680333,0.377098,8.000000
0.746136,0.468856,9.000000
0.865906,0.672869,10.000000
0.691329,0.789749,11.000000
0.970475,0.736622,12.000000
0.355754,0.927371,1.000000
0.262042,0.841485,2.000000
0.142741,0.612937,3.000000
0.112923,0.464366,4.000000
0.220875,0.299603,5.000000
0.251994,0.117675,6.000000
0.576415,0.320148,7.000000
0.601983,0.300280,8.000000
0.763296,0.550558,9.000000
0.709800,0.753543,10.000000
0.694987,0.962788,11.000000
0.920906,0.891145,12.000000
0.460032,0.863169,1.000000
0.339332,0.814793,2.000000
0.195032,0.636030,3.000000
0.118682,0.448548,4.000000
0.162410,0.359388,5.000000
0.212105,0.072599,6.000000
0.523751,0.210694,7.000000
0.635907,0.300619,8.000000
0.793198,0.489870,9.000000
0.812393,0.798157,10.000000
0.626784,0.866595,11.000000
0.890017,0.772095,12.000000
0.462558,0.857420,1.000000
0.315151,0.815810,2.000000
0.233500,0.679612,3.000000
0.136629,0.448527,4.000000
0.175009,0.323724,5.000000
0.246991,0.139198,6.000000
0.557239,0.310892,7.000000
0.619248,0.418875,8.000000
0.794068,0.573004,9.000000
0.738350,0.837919,10.000000
0.601753,0.940581,11.000000
0.866066,0.848375,12.000000
0.505003,0.931413,1.000000
0.192593,0.863101,2.000000
0.251975,0.667230,3.000000
0.068624,0.370635,4.000000
0.269458,0.348667,5.000000
0.231997,0.033319,6.000000
0.485557,0.215319,7.000000
0.639258,0.364002,8.000000
0.840007,0.436372,9.000000
0.772519,0.783367,10.000000
0.569752,0.844097,11.000000
0.875040,0.779224,12.000000
0.368421,0.820401,1.000000
0.213253,0.774681,2.000000
0.218058,0.533498,3.000000
0.060671,0.371548,4.000000
0.104340,0.375875,5.000000
0.275265,0.043630,6.000000
0.408468,0.197924,7.000000
0.551725,0.400232,8.000000
0.746530,0.541889,9.000000
0.718649,0.863841,10.000000
0.565137,0.962259,11.000000
0.841196,0.886366,12.000000
0.427407,0.872820,1.000000
0.291890,0.822186,2.000000
0.199123,0.684730,3.000000
0.125815,0.353993,4.000000
0.225795,0.336695,5.000000
0.201145,0.103104,6.000000
0.560125,0.243368,7.000000
0.650378,0.373453,8.000000
0.754384,0.590919,9.000000
0.828754,0.745276,10.000000
0.649990,0.854601,11.000000
0.928154,0.795840,12.000000
0.352588,0.944045,1.000000
0.267264,0.834008,2.000000
0.246637,0.603131,3.000000
0.119418,0.357510,4.000000
0.222306,0.288388,5.000000
0.275360,0.051165,6.000000
0.553239,0.307941,7.000000
0.673435,0.290444,8.000000
0.790033,0.560843,9.000000
0.773493,0.829287,10.000000
0.698908,0.875610,11.000000
0.838922,0.782606,12.000000
0.410048,0.905633,1.000000
0.229530,0.734227,2.000000
0.177058,0.585728,3.000000
0.122580,0.391907,4.000000
0.152429,0.370051,5.000000
0.229118,0.162893,6.000000
0.541225,0.259498,7.000000
0.614188,0.367102,8.000000
0.767743,0.466804,9.000000
0.760914,0.743670,10.000000
0.657146,0.840223,11.000000
0.890019,0.825427,12.000000
0.420405,0.893218,1.000000
0.292293,0.854509,2.000000
0.149837,0.659991,3.000000
0.151003,0.464119,4.000000
0.136789,0.317288,5.000000
0.179058,0.107241,6.000000
0.553311,0.310742,7.000000
0.604580,0.321997,8.000000
0.798539,0.478846,9.000000
0.835209,0.737399,10.000000
0.677867,0.902773,11.000000
0.941143,0.896133,12.000000
0.416646,0.917992,1.000000
0.309227,0.756135,2.000000
0.138085,0.633951,3.000000
0.121866,0.370514,4.000000
0.116458,0.366578,5.000000
0.206647,0.097725,6.000000
0.511612,0.291598,7.000000
0.588531,0.345970,8.000000
0.842942,0.542817,9.000000
0.742432,0.712506,10.000000
0.704555,0.896383,11.000000
0.981489,0.767246,12.000000
0.451638,0.961238,1.000000
0.309461,0.743257,2.000000
0.107760,0.629058,3.000000
0.069590,0.357290,4.000000
0.229504,0.318207,5.000000
0.234370,0.064817,6.000000
0.559777,0.350922,7.000000
0.617772,0.379558,8.000000
0.819736,0.523126,9.000000
0.769798,0.720782,10.000000
0.687789,0.958503,11.000000
0.956619,0.788110,12.000000
0.393347,0.975791,1.000000
0.227795,0.825111,2.000000
0.233210,0.689690,3.000000
0.108560,0.449088,4.000000
0.241758,0.360891,5.000000
0.223153,0.154322,6.000000
0.519781,0.222126,7.000000
0.686586,0.329097,8.000000
0.791626,0.519122,9.000000
0.731906,0.780365,10.000000
0.704930,0.931974,11.000000
0.948782,0.802917,12.000000
0.399500,0.956527,1.000000
0.250778,0.848191,2.000000
0.182149,0.607925,3.000000
0.105264,0.414048,4.000000
0.191104,0.370886,5.000000
0.223960,0.144652,6.000000
0.483383,0.273928,7.000000
0.658630,0.401815,8.000000
0.755488,0.555540,9.000000
0.737736,0.747845,10.000000
0.656376,0.880657,11.000000
0.925846,0.780138,12.000000
0.357268,0.885658,1.000000
0.258196,0.853012,2.000000
0.262952,0.529701,3.000000
0.109869,0.369554,4.000000
0.109726,0.231045,5.000000
0.142748,0.073801,6.000000
0.504402,0.360577,7.000000
0.592511,0.377558,8.000000
0.820040,0.613306,9.000000
0.709178,0.807298,10.000000
0.647650,0.883085,11.000000
0.939527,0.747715,12.000000
0.436052,0.888668,1.000000
0.301847,0.767981,2.000000
0.185988,0.624409,3.000000
0.086468,0.362420,4.000000
0.141265,0.285772,5.000000
0.192531,0.114351,6.000000
0.482936,0.297139,7.000000
0.646293,0.394801,8.000000
0.761535,0.563767,9.000000
0.797898,0.809755,10.000000
0.682069,0.860018,11.000000
0.889923,0.823876,12.000000
0.409706,0.943922,1.000000
0.211308,0.816420,2.000000
0.142428,0.571557,3.000000
0.149558,0.461598,4.000000
0.251955,0.395168,5.000000
0.160149,0.100778,6.000000
0.475556,0.237186,7.000000
0.565944,0.398824,8.000000
0.759739,0.508836,9.000000
0.725779,0.797393,10.000000
0.687645,0.938981,11.000000
0.842023,0.903831,12.000000
0.435685,0.974330,1.000000
0.233901,0.750595,2.000000
0.233518,0.634250,3.000000
0.074040,0.362181,4.000000
0.152674,0.390753,5.000000
0.185895,0.116125,6.000000
0.479230,0.219780,7.000000
0.670725,0.392129,8.000000
0.788215,0.447224,9.000000
0.855631,0.722534,10.000000
0.646373,0.844964,11.000000
0.876767,0.786894,12.000000
0.478510,0.906450,1.000000
0.244358,0.743208,2.000000
0.113508,0.535738,3.000000
0.159721,0.310675,4.000000
0.268015,0.305927,5.000000
0.237781,0.119770,6.000000
0.455560,0.263663,7.000000
0.724397,0.290664,8.000000
0.797783,0.462543,9.000000
0.790769,0.674487,10.000000
0.615262,0.940671,11.000000
0.839061,0.793703,12.000000
0.469933,0.858369,1.000000
0.274207,0.755856,2.000000
0.162891,0.649329,3.000000
0.035517,0.400502,4.000000
0.246797,0.261403,5.000000
0.146844,0.045706,6.000000
0.551469,0.241348,7.000000
0.583559,0.382645,8.000000
0.811168,0.479835,9.000000
0.844937,0.812144,10.000000
0.614615,0.894582,11.000000
0.891509,0.883352,12.000000
0.395506,0.849203,1.000000
0.270472,0.748696,2.000000
0.141776,0.699275,3.000000
0.031901,0.414695,4.000000
0.200109,0.388070,5.000000
0.166634,0.029277,6.000000
0.572468,0.187206,7.000000
0.697798,0.401364,8.000000
0.768693,0.516366,9.000000
0.742175,0.840371,10.000000
0.617557,0.897931,11.000000
0.894009,0.854040,12.000000
0.453201,0.850243,1.000000
0.236726,0.828529,2.000000
0.152853,0.658107,3.000000
0.102301,0.377769,4.000000
0.121515,0.260147,5.000000
0.190980,0.105759,6.000000
0.462689,0.206078,7.000000
0.615135,0.352649,8.000000
0.832980,0.585511,9.000000
0.796748,0.802893,10.000000
0.648522,0.959798,11.000000
0.937321,0.791052,12.000000
0.415697,0.919424,1.000000
0.265308,0.717571,2.000000
0.132808,0.713203,3.000000
0.129112,0.489704,4.000000
0.252049,0.367869,5.000000
0.241943,0.150749,6.000000
0.471514,0.223854,7.000000
0.580554,0.317937,8.000000
0.735533,0.603437,9.000000
0.850160,0.802944,10.000000
0.568074,0.821358,11.000000
0.968567,0.857852,12.000000
0.418615,0.968721,1.000000
0.245006,0.803856,2.000000
0.154305,0.591607,3.000000
0.115130,0.456510,4.000000
0.169784,0.290888,5.000000
0.216721,0.134939,6.000000
0.537260,0.326685,7.000000
0.649341,0.382671,8.000000
0.792733,0.491488,9.000000
0.819247,0.850715,10.000000
0.625568,0.887528,11.000000
0.857739,0.790302,12.000000
0.414859,0.922815,1.000000
0.251132,0.761762,2.000000
0.192840,0.690525,3.000000
0.056120,0.442932,4.000000
0.180655,0.297614,5.000000
0.197412,0.072454,6.000000
0.479429,0.259485,7.000000
0.655818,0.339696,8.000000
0.809111,0.502735,9.000000
0.763281,0.799442,10.000000
0.667194,0.918347,11.000000
0.870318,0.868550,12.000000
0.425059,0.899853,1.000000
0.326678,0.747786,2.000000
0.218663,0.672900,3.000000
0.110342,0.470532,4.000000
0.113147,0.324151,5.000000
0.175902,0.129584,6.000000
0.485637,0.252453,7.000000
0.597459,0.377083,8.000000
0.776028,0.526912,9.000000
0.765907,0.718538,10.000000
0.566053,0.891094,11.000000
0.966832,0.794431,12.000000
0.433219,0.827520,1.000000
0.231254,0.779224,2.000000
0.223651,0.625216,3.000000
0.160836,0.379357,4.000000
0.212930,0.386842,5.000000
0.264272,0.170127,6.000000
0.413801,0.192092,7.000000
0.663379,0.348705,8.000000
0.768977,0.495291,9.000000
0.791501,0.738289,10.000000
0.611391,0.820781,11.000000
0.942427,0.844599,12.000000
0.375227,1.000000,1.000000
0.368088,0.794920,2.000000
0.245025,0.684807,3.000000
0.105633,0.391228,4.000000
0.254105,0.360949,5.000000
0.119358,0.147680,6.000000
0.580946,0.241527,7.000000
0.611093,0.302157,8.000000
0.876701,0.475332,9.000000
0.712018,0.708741,10.000000
0.680907,0.951819,11.000000
0.911155,0.788884,12.000000
0.402732,0.968877,1.000000
0.273042,0.784651,2.000000
0.209858,0.696495,3.000000
0.138384,0.448190,4.000000
0.221125,0.295747,5.000000
0.219622,0.161889,6.000000
0.477442,0.216709,7.000000
0.615122,0.378029,8.000000
0.844613,0.577809,9.000000
0.832468,0.837051,10.000000
0.689432,0.941008,11.000000
0.910115,0.845861,12.000000
0.360445,0.886940,1.000000
0.205089,0.815356,2.000000
0.110849,0.530081,3.000000
0.049138,0.396025,4.000000
0.213133,0.264127,5.000000
0.152995,0.020029,6.000000
0.401393,0.277463,7.000000
0.607755,0.440736,8.000000
0.711474,0.558413,9.000000
0.774428,0.803495,10.000000
0.610429,0.959945,11.000000
0.823027,0.919430,12.000000
0.443857,0.911095,1.000000
0.314342,0.758796,2.000000
0.134862,0.615336,3.000000
0.132355,0.451667,4.000000
0.170250,0.338051,5.000000
0.174233,0.171914,6.000000
0.513946,0.278498,7.000000
0.675934,0.358042,8.000000
0.744511,0.487580,9.000000
0.834864,0.737602,10.000000
0.626755,0.918522,11.000000
0.922148,0.786548,12.000000
0.414766,0.830476,1.000000
0.350260,0.846727,2.000000
0.272492,0.598963,3.000000
0.174956,0.468584,4.000000
0.219316,0.399110,5.000000
0.145292,0.028191,6.000000
0.537130,0.205839,7.000000
0.564228,0.282503,8.000000
0.783154,0.454838,9.000000
0.843288,0.860651,10.000000
0.621829,0.924316,11.000000
0.899082,0.822367,12.000000
0.376664,0.929443,1.000000
0.273897,0.810971,2.000000
0.240628,0.592378,3.000000
0.075979,0.381489,4.000000
0.221937,0.287597,5.000000
0.187936,0.079144,6.000000
0.467059,0.273088,7.000000
0.641942,0.414856,8.000000
0.803414,0.493394,9.000000
0.781403,0.827452,10.000000
0.669785,0.960823,11.000000
0.950736,0.806513,12.000000
0.415954,0.932526,1.000000
0.244329,0.804147,2.000000
0.146371,0.689654,3.000000
0.096919,0.457660,4.000000
0.138433,0.373306,5.000000
0.191926,0.164871,6.000000
0.499211,0.273749,7.000000
0.643301,0.342338,8.000000
0.827069,0.515754,9.000000
0.814778,0.842227,10.000000
0.642126,0.898369,11.000000
0.880908,0.812993,12.000000
0.483649,0.909349,1.000000
0.337552,0.852367,2.000000
0.214636,0.660275,3.000000
0.078064,0.382988,4.000000
0.218167,0.294937,5.000000
0.215330,0.140575,6.000000
0.488473,0.257592,7.000000
0.592792,0.357948,8.000000
0.792320,0.480532,9.000000
0.754628,0.801093,10.000000
0.618531,0.906985,11.000000
0.884378,0.835809,12.000000
0.333828,0.844018,1.000000
0.259153,0.731479,2.000000
0.127656,0.594374,3.000000
0.099312,0.460853,4.000000
0.209227,0.389160,5.000000
0.230894,0.061163,6.000000
0.558513,0.345793,7.000000
0.563253,0.333922,8.000000
0.770605,0.430463,9.000000
0.786375,0.822872,10.000000
0.562883,0.837206,11.000000
0.927969,0.925177,12.000000
0.386760,0.812911,1.000000
0.244344,0.854146,2.000000
0.184172,0.563918,3.000000
0.174749,0.465223,4.000000
0.194963,0.255930,5.000000
0.188528,0.113936,6.000000
0.556426,0.353902,7.000000
0.704476,0.442074,8.000000
0.818304,0.558405,9.000000
0.787256,0.702691,10.000000
0.543487,0.992704,11.000000
0.956780,0.813879,12.000000
0.339828,0.981294,1.000000
0.356760,0.871973,2.000000
0.176691,0.704744,3.000000
0.105960,0.345686,4.000000
0.123222,0.409077,5.000000
0.286935,0.124289,6.000000
0.589065,0.244924,7.000000
0.590653,0.314820,8.000000
0.783032,0.607126,9.000000
0.682989,0.745386,10.000000
0.691194,0.807601,11.000000
0.898791,0.841131,12.000000
0.418210,0.887162,1.000000
0.256586,0.822115,2.000000
0.167304,0.637715,3.000000
0.150043,0.420202,4.000000
0.142545,0.321474,5.000000
0.252464,0.136318,6.000000
0.466114,0.310885,7.000000
0.604287,0.335125,8.000000
0.796821,0.531449,9.000000
0.765299,0.771409,10.000000
0.580634,0.878639,11.000000
0.897171,0.868914,12.000000
0.433372,0.876158,1.000000
0.313775,0.747556,2.000000
0.205697,0.684199,3.000000
0.074261,0.397006,4.000000
0.213448,0.377759,5.000000
0.233288,0.054101,6.000000
0.541764,0.279767,7.000000
0.625263,0.340936,8.000000
0.794332,0.574766,9.000000
0.797326,0.731110,10.000000
0.637651,0.882922,11.000000
0.890938,0.895004,12.000000
0.363044,0.924511,1.000000
0.313161,0.816942,2.000000
0.245602,0.678479,3.000000
0.107955,0.472629,4.000000
0.172718,0.362741,5.000000
0.189167,0.074095,6.000000
0.494479,0.267553,7.000000
0.589653,0.316946,8.000000
0.773313,0.536936,9.000000
0.775619,0.751546,10.000000
0.700290,0.903810,11.000000
0.965307,0.795909,12.000000
0.426435,0.891225,1.000000
0.216348,0.855283,2.000000
0.190688,0.575243,3.000000
0.059993,0.299300,4.000000
0.263416,0.342021,5.000000
0.135172,0.037804,6.000000
0.558048,0.305198,7.000000
0.614569,0.339727,8.000000
0.793809,0.583376,9.000000
0.807607,0.834693,10.000000
0.582881,0.906188,11.000000
0.848994,0.905022,12.000000
0.366926,0.866744,1.000000
0.359023,0.845399,2.000000
0.085957,0.574589,3.000000
0.124195,0.449686,4.000000
0.237314,0.284830,5.000000
0.123015,0.000000,6.000000
0.552410,0.349879,7.000000
0.553552,0.354030,8.000000
0.806375,0.454416,9.000000
0.733410,0.781964,10.000000
0.556778,0.980786,11.000000
1.000000,0.758634,12.000000
0.413352,0.912067,1.000000
0.239545,0.850613,2.000000
0.206809,0.667897,3.000000
0.133148,0.394646,4.000000
0.141028,0.328036,5.000000
0.234458,0.059413,6.000000
0.548760,0.284266,7.000000
0.686748,0.333509,8.000000
0.817614,0.565049,9.000000
0.746801,0.792630,10.000000
0.615329,0.941632,11.000000
0.911504,0.807523,12.000000
0.457450,0.867199,1.000000
0.341469,0.828341,2.000000
0.214073,0.603370,3.000000
0.068744,0.465132,4.000000
0.179362,0.322812,5.000000
0.238609,0.087821,6.000000
0.555395,0.261305,7.000000
0.649868,0.344618,8.000000
0.802971,0.488684,9.000000
0.760574,0.754606,10.000000
0.651048,0.861405,11.000000
0.958914,0.839485,12.000000
0.387251,0.861750,1.000000
0.318834,0.777865,2.000000
0.203127,0.679896,3.000000
0.095948,0.431851,4.000000
0.206951,0.356202,5.000000
0.235186,0.167542,6.000000
0.508348,0.298224,7.000000
0.686030,0.390935,8.000000
0.772590,0.490016,9.000000
0.745248,0.804358,10.000000
0.678241,0.937586,11.000000
0.887803,0.871400,12.000000
0.382266,0.872867,1.000000
0.236684,0.783899,2.000000
0.169390,0.685574,3.000000
0.076760,0.395684,4.000000
0.170328,0.262647,5.000000
0.263970,0.086779,6.000000
0.414624,0.354348,7.000000
0.576030,0.371734,8.000000
0.839135,0.601279,9.000000
0.756481,0.842532,10.000000
0.568164,0.836422,11.000000
0.982298,0.892139,12.000000
0.368862,0.865682,1.000000
0.214886,0.739558,2.000000
0.141435,0.715827,3.000000
0.064815,0.475541,4.000000
0.250370,0.266392,5.000000
0.237674,0.089547,6.000000
0.541211,0.267806,7.000000
0.600126,0.287720,8.000000
0.764732,0.594609,9.000000
0.848265,0.834863,10.000000
0.658883,0.826126,11.000000
0.986419,0.776841,12.000000
0.403477,0.990879,1.000000
0.332445,0.760446,2.000000
0.178899,0.624079,3.000000
0.152686,0.456197,4.000000
0.240066,0.310530,5.000000
0.106443,0.139377,6.000000
0.566249,0.289211,7.000000
0.629717,0.315761,8.000000
0.727506,0.445032,9.000000
0.790515,0.726344,10.000000
0.714068,0.807536,11.000000
0.877580,0.920973,12.000000
0.427536,0.870766,1.000000
0.287107,0.795125,2.000000
0.185151,0.606401,3.000000
0.096295,0.440460,4.000000
0.232257,0.277206,5.000000
0.171501,0.095890,6.000000
0.479548,0.227941,7.000000
0.617911,0.365345,8.000000
0.760571,0.555685,9.000000
0.771801,0.735636,10.000000
0.623901,0.888856,11.000000
0.916477,0.824127,12.000000
0.452866,0.863618,1.000000
0.228515,0.694719,2.000000
0.153584,0.563746,3.000000
0.029826,0.432497,4.000000
0.216218,0.394478,5.000000
0.144175,0.166714,6.000000
0.548079,0.289530,7.000000
0.638379,0.374797,8.000000
0.695712,0.566189,9.000000
0.860246,0.842553,10.000000
0.584019,0.976266,11.000000
0.814072,0.851480,12.000000
0.492127,0.944774,1.000000
0.265049,0.754138,2.000000
0.232352,0.555739,3.000000
0.021096,0.386257,4.000000
0.146938,0.267609,5.000000
0.205434,0.141996,6.000000
0.575132,0.198330,7.000000
0.668966,0.291468,8.000000
0.730738,0.494005,9.000000
0.802449,0.826585,10.000000
0.679164,0.829696,11.000000
0.894963,0.886691,12.000000
0.436863,0.946877,1.000000
0.331146,0.786252,2.000000
0.151637,0.635001,3.000000
0.145082,0.470331,4.000000
0.164577,0.337223,5.000000
0.195187,0.142159,6.000000
0.563322,0.283092,7.000000
0.607827,0.359165,8.000000
0.782011,0.584593,9.000000
0.816849,0.810600,10.000000
0.601777,0.959544,11.000000
0.886269,0.896053,12.000000
0.425484,0.972635,1.000000
0.320055,0.847997,2.000000
0.132439,0.703807,3.000000
0.099576,0.464161,4.000000
0.186403,0.272983,5.000000
0.204258,0.098587,6.000000
0.538141,0.271805,7.000000
0.649690,0.389909,8.000000
0.759229,0.539579,9.000000
0.834506,0.801246,10.000000
0.689792,0.836233,11.000000
0.947606,0.802636,12.000000
0.430837,0.924192,1.000000
0.281813,0.846836,2.000000
0.221997,0.702354,3.000000
0.096453,0.426779,4.000000
0.206171,0.365209,5.000000
0.220691,0.169160,6.000000
0.485751,0.306303,7.000000
0.614052,0.386652,8.000000
0.755817,0.559147,9.000000
0.805497,0.762673,10.000000
0.594311,0.853777,11.000000
0.926524,0.867927,12.000000
0.441641,0.850025,1.000000
0.260212,0.825447,2.000000
0.149648,0.574972,3.000000
0.078910,0.434432,4.000000
0.181936,0.313845,5.000000
0.230890,0.158924,6.000000
0.526765,0.281180,7.000000
0.612295,0.414229,8.000000
0.789201,0.544076,9.000000
0.793223,0.725242,10.000000
0.653599,0.836772,11.000000
0.870942,0.819655,12.000000
0.508083,0.963603,1.000000
0.183605,0.691417,2.000000
0.140344,0.541292,3.000000
0.004444,0.298771,4.000000
0.178037,0.235061,5.000000
0.247001,0.108475,6.000000
0.479802,0.231211,7.000000
0.633399,0.274904,8.000000
0.847452,0.421743,9.000000
0.684677,0.674190,10.000000
0.612195,0.948945,11.000000
0.975779,0.829666,12.000000
0.503847,0.931562,1.000000
0.272080,0.830852,2.000000
0.096911,0.614158,3.000000
0.142348,0.308744,4.000000
0.192066,0.368491,5.000000
0.165000,0.164930,6.000000
0.502329,0.202836,7.000000
0.577372,0.384968,8.000000
0.800513,0.623550,9.000000
0.708649,0.825727,10.000000
0.696797,0.855664,11.000000
0.863572,0.836077,12.000000
0.454144,0.997453,1.000000
0.267492,0.787729,2.000000
0.149654,0.719236,3.000000
0.156372,0.477755,4.000000
0.192452,0.293311,5.000000
0.206273,0.062914,6.000000
0.449776,0.343913,7.000000
0.539536,0.327792,8.000000
0.835744,0.510983,9.000000
0.739319,0.777338,10.000000
0.675739,0.913949,11.000000
0.854844,0.773342,12.000000
0.479536,0.868219,1.000000
0.303454,0.822358,2.000000
0.168110,0.668828,3.000000
0.059993,0.459668,4.000000
0.180518,0.286572,5.000000
0.256814,0.150310,6.000000
0.532881,0.262376,7.000000
0.598092,0.358887,8.000000
0.770837,0.560980,9.000000
0.837946,0.824280,10.000000
0.634351,0.873017,11.000000
0.872093,0.898996,12.000000
0.439621,0.979467,1.000000
0.310410,0.795168,2.000000
0.219437,0.685083,3.000000
0.046806,0.382216,4.000000
0.148706,0.344193,5.000000
0.239999,0.168335,6.000000
0.533290,0.225779,7.000000
0.619851,0.325049,8.000000
0.789476,0.511852,9.000000
0.829107,0.809009,10.000000
0.692668,0.863543,11.000000
0.886680,0.774469,12.000000
0.402470,0.876064,1.000000
0.276215,0.796201,2.000000
0.242822,0.699135,3.000000
0.096141,0.480723,4.000000
0.177122,0.279237,5.000000
0.268646,0.084249,6.000000
0.437856,0.285110,7.000000
0.641720,0.303383,8.000000
0.839817,0.553883,9.000000
0.719979,0.757580,10.000000
0.596535,0.818196,11.000000
0.929516,0.792493,12.000000
0.412083,0.929077,1.000000
0.328829,0.824101,2.000000
0.160504,0.691917,3.000000
0.097788,0.425611,4.000000
0.148426,0.379882,5.000000
0.226792,0.062926,6.000000
0.535102,0.289968,7.000000
0.665096,0.332779,8.000000
0.843133,0.493189,9.000000
0.754840,0.736785,10.000000
0.591379,0.954460,11.000000
0.907273,0.806647,12.000000
0.442886,0.959626,1.000000
0.322514,0.821040,2.000000
0.136154,0.605500,3.000000
0.064179,0.398841,4.000000
0.194145,0.355343,5.000000
0.198535,0.074229,6.000000
0.458330,0.281126,7.000000
0.640595,0.405761,8.000000
0.765720,0.562942,9.000000
0.766401,0.846074,10.000000
0.589650,0.915902,11.000000
0.913461,0.881795,12.000000
0.462686,0.869365,1.000000
0.300068,0.728128,2.000000
0.219833,0.658802,3.000000
0.156198,0.376938,4.000000
0.223224,0.303181,5.000000
0.260577,0.026813,6.000000
0.572835,0.271338,7.000000
0.567798,0.316512,8.000000
0.826869,0.511500,9.000000
0.856484,0.784223,10.000000
0.621644,0.846337,11.000000
0.985608,0.769142,12.000000
0.458575,0.907640,1.000000
0.334402,0.847787,2.000000
0.103502,0.672033,3.000000
0.000000,0.334789,4.000000
0.121095,0.252675,5.000000
0.221102,0.174931,6.000000
0.557039,0.214122,7.000000
0.644968,0.369816,8.000000
0.727151,0.520801,9.000000
0.862179,0.868538,10.000000
0.630175,0.864903,11.000000
0.811821,0.863200,12.000000
0.384934,0.916917,1.000000
0.308451,0.757473,2.000000
0.221477,0.637317,3.000000
0.100271,0.361391,4.000000
0.243293,0.322654,5.000000
0.246809,0.165820,6.000000
0.535702,0.281372,7.000000
0.627669,0.382942,8.000000
0.817558,0.496234,9.000000
0.795848,0.838325,10.000000
0.684656,0.858010,11.000000
0.881633,0.836324,12.000000
0.396739,0.960605,1.000000
0.294270,0.846794,2.000000
0.141375,0.604076,3.000000
0.089788,0.381320,4.000000
0.208604,0.316815,5.000000
0.158218,0.155709,6.000000
0.454267,0.308432,7.000000
0.620608,0.358421,8.000000
0.783600,0.481754,9.000000
0.817299,0.793635,10.000000
0.599726,0.931400,11.000000
0.871630,0.868353,12.000000
0.463014,0.878128,1.000000
0.283366,0.811830,2.000000
0.108496,0.673313,3.000000
0.022709,0.393707,4.000000
0.119575,0.347328,5.000000
0.180496,0.131930,6.000000
0.515799,0.282766,7.000000
0.711238,0.336178,8.000000
0.809888,0.505210,9.000000
0.714555,0.792833,10.000000
0.711415,0.839048,11.000000
0.871803,0.846484,12.000000
0.476213,0.940292,1.000000
0.242579,0.785541,2.000000
0.155921,0.633828,3.000000
0.072876,0.445138,4.000000
0.139311,0.287677,5.000000
0.164032,0.168771,6.000000
0.547208,0.279894,7.000000
0.630706,0.306550,8.000000
0.786147,0.593785,9.000000
0.814669,0.827440,10.000000
0.584859,0.929223,11.000000
0.877666,0.834538,12.000000
0.404361,0.969075,1.000000
0.344286,0.829982,2.000000
0.205988,0.658236,3.000000
0.081421,0.449907,4.000000
0.236569,0.262589,5.000000
0.215252,0.056549,6.000000
0.559041,0.230541,7.000000
0.678356,0.362475,8.000000
0.827597,0.499178,9.000000
0.734645,0.842005,10.000000
0.681475,0.901230,11.000000
0.947583,0.839165,12.000000
0.501511,0.926965,1.000000
0.364962,0.699052,2.000000
0.079871,0.577369,3.000000
0.121198,0.432359,4.000000
0.081491,0.366338,5.000000
0.215395,0.144129,6.000000
0.507892,0.330686,7.000000
0.615068,0.448390,8.000000
0.864777,0.479082,9.000000
0.827021,0.702827,10.000000
0.664062,0.848714,11.000000
0.883686,0.897229,12.000000
0.412379,0.819676,1.000000
0.293217,0.758172,2.000000
0.134721,0.682810,3.000000
0.082570,0.479284,4.000000
0.153796,0.377379,5.000000
0.213767,0.149536,6.000000
0.517161,0.180509,7.000000
0.650786,0.273011,8.000000
0.835569,0.620251,9.000000
0.690990,0.701211,10.000000
0.656297,0.896990,11.000000
0.913462,0.891494,12.000000
0.401872,0.905484,1.000000
0.253572,0.823447,2.000000
0.203882,0.686585,3.000000
0.147632,0.387175,4.000000
0.238390,0.321836,5.000000
0.247525,0.134134,6.000000
0.560052,0.222242,7.000000
0.667281,0.410486,8.000000
0.759600,0.557809,9.000000
0.825053,0.748280,10.000000
0.589856,0.892646,11.000000
0.961025,0.810745,12.000000
0.461227,0.957151,1.000000
0.292103,0.754361,2.000000
0.151603,0.703005,3.000000
0.051690,0.334281,4.000000
0.146484,0.344174,5.000000
0.159379,0.108710,6.000000
0.532081,0.222987,7.000000
0.673962,0.425814,8.000000
0.836806,0.501605,9.000000
0.804571,0.832694,10.000000
0.620516,0.959642,11.000000
0.935370,0.768385,12.000000
0.429745,0.835672,1.000000
0.279103,0.698771,2.000000
0.242014,0.729930,3.000000
0.120497,0.417681,4.000000
0.126824,0.412074,5.000000
0.160748,0.196262,6.000000
0.569477,0.238591,7.000000
0.687601,0.324394,8.000000
0.803497,0.426340,9.000000
0.858428,0.822112,10.000000
0.596774,0.906153,11.000000
0.830710,0.865210,12.000000
0.437040,0.945442,1.000000
0.234370,0.793848,2.000000
0.241883,0.683681,3.000000
0.150224,0.429436,4.000000
0.136889,0.376680,5.000000
0.256835,0.065339,6.000000
0.504324,0.294530,7.000000
0.701357,0.325730,8.000000
0.794202,0.475667,9.000000
0.744380,0.846398,10.000000
0.581126,0.931446,11.000000
0.893248,0.837432,12.000000
0.435983,0.969178,1.000000
0.294593,0.751058,2.000000
0.185663,0.611722,3.000000
0.073920,0.378540,4.000000
0.134973,0.283947,5.000000
0.175227,0.130853,6.000000
0.507514,0.286855,7.000000
0.668923,0.408265,8.000000
0.785585,0.496897,9.000000
0.791507,0.789834,10.000000
0.674925,0.904449,11.000000
0.965505,0.845218,12.000000
0.416891,0.853651,1.000000
0.290677,0.783256,2.000000
0.168012,0.628598,3.000000
0.161157,0.349366,4.000000
0.170025,0.366410,5.000000
0.132974,0.042246,6.000000
0.515025,0.317182,7.000000
0.624476,0.365871,8.000000
0.792359,0.544469,9.000000
0.736076,0.733388,10.000000
0.690706,0.932158,11.000000
0.862271,0.810512,12.000000
0.429572,0.881300,1.000000
0.314958,0.812977,2.000000
0.224313,0.618048,3.000000
0.083563,0.417164,4.000000
0.142460,0.366432,5.000000
0.221980,0.105688,6.000000
0.562359,0.238629,7.000000
0.642432,0.317791,8.000000
0.830960,0.549473,9.000000
0.812729,0.801284,10.000000
0.627382,0.870552,11.000000
0.870272,0.865061,12.000000
0.430400,0.927728,1.000000
0.271225,0.739685,2.000000
0.111417,0.679761,3.000000
0.025866,0.459664,4.000000
0.228050,0.285550,5.000000
0.146828,0.049849,6.000000
0.517988,0.298686,7.000000
0.703687,0.401871,8.000000
0.744299,0.600152,9.000000
0.785672,0.849572,10.000000
0.586098,0.940061,11.000000
0.916863,0.912801,12.000000
0.345404,0.850690,1.000000
0.282972,0.877196,2.000000
0.233057,0.731018,3.000000
0.006621,0.382214,4.000000
0.180178,0.220774,5.000000
0.243148,0.124600,6.000000
0.523149,0.256482,7.000000
0.726769,0.354382,8.000000
0.866460,0.509479,9.000000
0.709881,0.724259,10.000000
0.623353,0.878106,11.000000
0.948799,0.875526,12.000000
0.418352,0.906506,1.000000
0.367252,0.766565,2.000000
0.228498,0.624802,3.000000
0.181885,0.496682,4.000000
0.226598,0.357797,5.000000
0.206342,0.000595,6.000000
0.504552,0.202328,7.000000
0.715029,0.249325,8.000000
0.853087,0.532313,9.000000
0.830945,0.752531,10.000000
0.650972,0.847674,11.000000
0.971146,0.764362,12.000000
0.378190,0.954146,1.000000
0.267947,0.813232,2.000000
0.170387,0.587690,3.000000
0.125567,0.423615,4.000000
0.175779,0.313866,5.000000
0.222803,0.100591,6.000000
0.550162,0.246660,7.000000
0.634205,0.324739,8.000000
0.817637,0.576790,9.000000
0.740202,0.744350,10.000000
0.621735,0.897055,11.000000
0.880605,0.793541,12.000000
0.353660,0.912163,1.000000
0.328833,0.773879,2.000000
0.180175,0.674449,3.000000
0.040301,0.411686,4.000000
0.132353,0.271326,5.000000
0.278756,0.098544,6.000000
0.445571,0.304290,7.000000
0.667084,0.340175,8.000000
0.732139,0.583306,9.000000
0.815306,0.856396,10.000000
0.669537,0.956548,11.000000
0.942261,0.786206,12.000000
0.453909,0.953769,1.000000
0.263088,0.858487,2.000000
0.173850,0.608727,3.000000
0.109208,0.411116,4.000000
0.230877,0.366900,5.000000
0.224840,0.128851,6.000000
0.497588,0.262100,7.000000
0.684735,0.346973,8.000000
0.768171,0.476882,9.000000
0.730552,0.741942,10.000000
0.690670,0.904307,11.000000
0.930949,0.780593,12.000000
0.411557,0.988532,1.000000
0.223526,0.877129,2.000000
0.147906,0.645194,3.000000
0.032727,0.434973,4.000000
0.128160,0.404653,5.000000
0.244598,0.136796,6.000000
0.469255,0.296609,7.000000
0.637041,0.392771,8.000000
0.850857,0.481513,9.000000
0.847310,0.746948,10.000000
0.653198,0.953339,11.000000
0.951076,0.789223,12.000000
0.484364,0.900142,1.000000
0.290114,0.740091,2.000000
0.162040,0.596433,3.000000
0.152400,0.407133,4.000000
0.194349,0.281142,5.000000
0.205777,0.079778,6.000000
0.514636,0.290270,7.000000
0.633655,0.345441,8.000000
0.854118,0.489846,9.000000
0.812256,0.830379,10.000000
0.669030,0.959176,11.000000
0.965634,0.889913,12.000000
0.448659,0.970637,1.000000
0.280294,0.848310,2.000000
0.113368,0.690477,3.000000
0.121585,0.365532,4.000000
0.111629,0.343307,5.000000
0.253791,0.127684,6.000000
0.554470,0.262034,7.000000
0.674196,0.414982,8.000000
0.854656,0.596373,9.000000
0.814873,0.788684,10.000000
0.647759,0.914227,11.000000
0.953440,0.759374,12.000000
0.461714,0.870800,1.000000
0.353664,0.823193,2.000000
0.115640,0.621539,3.000000
0.006849,0.389171,4.000000
0.168209,0.358945,5.000000
0.202759,0.042591,6.000000
0.445794,0.347352,7.000000
0.609758,0.314194,8.000000
0.742843,0.504410,9.000000
0.843347,0.705902,10.000000
0.643101,0.991339,11.000000
0.935110,0.755720,12.000000
0.363784,0.959721,1.000000
0.340205,0.744996,2.000000
0.177416,0.693912,3.000000
0.092392,0.365716,4.000000
0.134126,0.315386,5.000000
0.148127,0.061654,6.000000
0.561912,0.334960,7.000000
0.598106,0.339433,8.000000
0.857805,0.513714,9.000000
0.783854,0.791035,10.000000
0.652192,0.874926,11.000000
0.974489,0.896201,12.000000
0.392902,0.871834,1.000000
0.327262,0.818305,2.000000
0.170118,0.668173,3.000000
0.078791,0.470116,4.000000
0.207745,0.320192,5.000000
0.240267,0.124320,6.000000
0.468904,0.211193,7.000000
0.588869,0.324919,8.000000
0.770791,0.590811,9.000000
0.816457,0.808001,10.000000
0.625514,0.958590,11.000000
0.928433,0.853295,12.000000
0.410757,0.855418,1.000000
0.350393,0.754104,2.000000
0.266188,0.570772,3.000000
0.042434,0.391289,4.000000
0.165865,0.371095,5.000000
0.199266,0.156700,6.000000
0.411802,0.296885,7.000000
0.645447,0.278240,8.000000
0.756348,0.598520,9.000000
0.870424,0.810427,10.000000
0.679191,0.831823,11.000000
0.940140,0.874766,12.000000
0.432470,0.896227,1.000000
0.234624,0.749237,2.000000
0.132844,0.559737,3.000000
0.164617,0.320841,4.000000
0.208053,0.406455,5.000000
0.169216,0.000787,6.000000
0.452801,0.218967,7.000000
0.539132,0.347522,8.000000
0.707370,0.614559,9.000000
0.726806,0.731603,10.000000
0.673262,0.794076,11.000000
0.956665,0.878841,12.000000
0.391357,0.929599,1.000000
0.238252,0.739521,2.000000
0.220893,0.692313,3.000000
0.057862,0.437800,4.000000
0.162547,0.281612,5.000000
0.178517,0.091202,6.000000
0.469465,0.317603,7.000000
0.620495,0.373840,8.000000
0.815762,0.578702,9.000000
0.823338,0.802364,10.000000
0.645900,0.881933,11.000000
0.907861,0.880063,12.000000
0.370418,0.850459,1.000000
0.239838,0.844066,2.000000
0.246948,0.626652,3.000000
0.131232,0.350951,4.000000
0.148678,0.328115,5.000000
0.208372,0.099431,6.000000
0.477974,0.286760,7.000000
0.609335,0.294208,8.000000
0.829057,0.505941,9.000000
0.733720,0.811696,10.000000
0.695207,0.852150,11.000000
0.870121,0.878837,12.000000
0.385907,0.988427,1.000000
0.280390,0.760133,2.000000
0.199317,0.635830,3.000000
0.063145,0.464264,4.000000
0.172331,0.297238,5.000000
0.165075,0.057621,6.000000
0.531023,0.307113,7.000000
0.727150,0.301068,8.000000
0.732046,0.600748,9.000000
0.846650,0.867400,10.000000
0.626620,0.967266,11.000000
0.911268,0.737600,12.000000
0.462875,0.948118,1.000000
0.279555,0.830566,2.000000
0.145528,0.676966,3.000000
0.114639,0.454696,4.000000
0.202196,0.312869,5.000000
0.203544,0.091063,6.000000
0.470022,0.328073,7.000000
0.644679,0.398982,8.000000
0.780706,0.500751,9.000000
0.744656,0.797781,10.000000
0.625001,0.939267,11.000000
0.888913,0.846984,12.000000
0.439677,0.892704,1.000000
0.250990,0.763329,2.000000
0.231163,0.582552,3.000000
0.105590,0.437964,4.000000
0.156758,0.361281,5.000000
0.184254,0.160332,6.000000
0.509476,0.308419,7.000000
0.659308,0.428665,8.000000
0.742989,0.490266,9.000000
0.754311,0.839543,10.000000
0.694887,0.849556,11.000000
0.873000,0.828043,12.000000
0.375063,0.944861,1.000000
0.228840,0.753420,2.000000
0.156824,0.629658,3.000000
0.154385,0.304882,4.000000
0.255722,0.282518,5.000000
0.124884,0.172516,6.000000
0.496543,0.182085,7.000000
0.625881,0.350028,8.000000
0.719097,0.531567,9.000000
0.847541,0.742979,10.000000
0.565688,0.952109,11.000000
0.908422,0.807614,12.000000
0.425565,0.925150,1.000000
0.328804,0.730759,2.000000
0.249308,0.637441,3.000000
0.059675,0.321249,4.000000
0.225916,0.366497,5.000000
0.282058,0.182659,6.000000
0.558399,0.306640,7.000000
0.654371,0.426033,8.000000
0.731874,0.604541,9.000000
0.816154,0.735667,10.000000
0.663139,0.942124,11.000000
0.951675,0.899053,12.000000
0.438438,0.960616,1.000000
0.337122,0.772866,2.000000
0.230898,0.634412,3.000000
0.093402,0.423544,4.000000
0.234942,0.347479,5.000000
0.252170,0.059649,6.000000
0.476385,0.224301,7.000000
0.672707,0.390897,8.000000
0.808345,0.540657,9.000000
0.759959,0.764907,10.000000
0.667792,0.893615,11.000000
0.963190,0.810655,12.000000
0.415179,0.868332,1.000000
0.281671,0.847253,2.000000
0.175144,0.613092,3.000000
0.138867,0.370505,4.000000
0.226052,0.294849,5.000000
0.247719,0.081913,6.000000
0.488473,0.330104,7.000000
0.649701,0.373091,8.000000
0.819626,0.589483,9.000000
0.822537,0.785084,10.000000
0.679852,0.909442,11.000000
0.923588,0.788138,12.000000
0.495093,0.885727,1.000000
0.254478,0.783904,2.000000
0.251802,0.578212,3.000000
0.163122,0.381061,4.000000
0.150326,0.266502,5.000000
0.147931,0.043024,6.000000
0.465603,0.286361,7.000000
0.591764,0.292711,8.000000
0.869441,0.572388,9.000000
0.783602,0.795957,10.000000
0.664128,0.943663,11.000000
0.868921,0.905685,12.000000
0.425049,0.940773,1.000000
0.333405,0.819537,2.000000
0.213342,0.701017,3.000000
0.134081,0.416189,4.000000
0.228592,0.328965,5.000000
0.269768,0.108168,6.000000
0.444794,0.227875,7.000000
0.705830,0.394079,8.000000
0.773750,0.579117,9.000000
0.790715,0.718126,10.000000
0.705043,0.850808,11.000000
0.916585,0.840501,12.000000
0.406859,0.957420,1.000000
0.292009,0.799568,2.000000
0.170219,0.691370,3.000000
0.159980,0.375888,4.000000
0.167526,0.350517,5.000000
0.158162,0.116474,6.000000
0.453051,0.255779,7.000000
0.657829,0.341195,8.000000
0.826588,0.476689,9.000000
0.803039,0.719719,10.000000
0.610864,0.838237,11.000000
0.859723,0.864008,12.000000
0.402595,0.822481,1.000000
0.244225,0.834645,2.000000
0.147020,0.565576,3.000000
0.014965,0.352135,4.000000
0.087044,0.213794,5.000000
0.265067,0.196945,6.000000
0.565688,0.301702,7.000000
0.665452,0.317032,8.000000
0.825520,0.477300,9.000000
0.819419,0.755276,10.000000
0.638252,0.914438,11.000000
0.922627,0.805921,12.000000
0.404055,0.916341,1.000000
0.294051,0.759956,2.000000
0.232912,0.576027,3.000000
0.125229,0.460617,4.000000
0.187192,0.340001,5.000000
0.214888,0.131423,6.000000
0.529841,0.265601,7.000000
0.682162,0.338472,8.000000
0.784109,0.479050,9.000000
0.827838,0.760066,10.000000
0.670226,0.853993,11.000000
0.971533,0.821069,12.000000
0.411004,0.917654,1.000000
0.329907,0.776153,2.000000
0.162065,0.588620,3.000000
0.093405,0.324307,4.000000
0.126495,0.334561,5.000000
0.141458,0.065991,6.000000
0.531394,0.334482,7.000000
0.626108,0.427154,8.000000
0.786442,0.581001,9.000000
0.752613,0.758676,10.000000
0.700175,0.977776,11.000000
0.904111,0.815039,12.000000
0.430596,0.931126,1.000000
0.250228,0.857017,2.000000
0.216828,0.578725,3.000000
0.061363,0.394508,4.000000
0.123421,0.259726,5.000000
0.178243,0.121457,6.000000
0.488541,0.206339,7.000000
0.596973,0.357425,8.000000
0.754771,0.564678,9.000000
0.840283,0.726631,10.000000
0.597994,0.911025,11.000000
0.854155,0.777318,12.000000
0.455584,0.924371,1.000000
0.279778,0.741847,2.000000
0.191106,0.619947,3.000000
0.126879,0.373676,4.000000
0.140849,0.330346,5.000000
0.232090,0.113034,6.000000
0.507089,0.316025,7.000000
0.669537,0.324157,8.000000
0.816283,0.562869,9.000000
0.780542,0.788087,10.000000
0.623851,0.854790,11.000000
0.951229,0.885819,12.000000
0.415245,0.968059,1.000000
0.232589,0.780364,2.000000
0.201986,0.668971,3.000000
0.123590,0.344728,4.000000
0.202638,0.276475,5.000000
0.155013,0.171678,6.000000
0.542919,0.279223,7.000000
0.597638,0.311207,8.000000
0.806524,0.497755,9.000000
0.737150,0.720115,10.000000
0.646081,0.855274,11.000000
0.920116,0.902939,12.000000
0.465611,0.965174,1.000000
0.347052,0.733602,2.000000
0.152292,0.647454,3.000000
0.121989,0.428784,4.000000
0.191519,0.379265,5.000000
0.207936,0.050189,6.000000
0.503927,0.254654,7.000000
0.587297,0.403372,8.000000
0.758822,0.565636,9.000000
0.741378,0.766900,10.000000
0.688968,0.888565,11.000000
0.964137,0.783525,12.000000
0.380452,0.891261,1.000000
0.258454,0.828625,2.000000
0.242808,0.596448,3.000000
0.055773,0.389612,4.000000
0.190689,0.384300,5.000000
0.170613,0.088206,6.000000
0.532165,0.257336,7.000000
0.640748,0.336993,8.000000
0.840658,0.588511,9.000000
0.787262,0.805961,10.000000
0.653164,0.962901,11.000000
0.870892,0.865897,12.000000
0.425685,0.969859,1.000000
0.322604,0.723417,2.000000
0.095582,0.637145,3.000000
0.150310,0.439956,4.000000
0.250759,0.305190,5.000000
0.133554,0.195808,6.000000
0.585951,0.185065,7.000000
0.551147,0.335233,8.000000
0.732305,0.539403,9.000000
0.848684,0.701475,10.000000
0.615545,0.899961,11.000000
0.911150,0.859478,12.000000
0.443378,0.966954,1.000000
0.317989,0.763854,2.000000
0.140675,0.683114,3.000000
0.056689,0.460244,4.000000
0.231325,0.346702,5.000000
0.238804,0.104681,6.000000
0.473818,0.311293,7.000000
0.656241,0.378907,8.000000
0.846969,0.573799,9.000000
0.840349,0.827094,10.000000
0.692975,0.869810,11.000000
0.971093,0.806504,12.000000
0.421756,0.922632,1.000000
0.331099,0.837920,2.000000
0.239694,0.681392,3.000000
0.120988,0.340609,4.000000
0.218790,0.266141,5.000000
0.247181,0.130969,6.000000
0.523895,0.226877,7.000000
0.635333,0.406039,8.000000
0.825827,0.591321,9.000000
0.813107,0.846543,10.000000
0.644183,0.899091,11.000000
0.890092,0.864084,12.000000
0.438191,0.946813,1.000000
0.335276,0.746074,2.000000
0.232557,0.652448,3.000000
0.127632,0.435351,4.000000
0.149907,0.267137,5.000000
0.235817,0.049295,6.000000
0.487923,0.280683,7.000000
0.621582,0.298257,8.000000
0.851020,0.587828,9.000000
0.738982,0.799199,10.000000
0.613422,0.915589,11.000000
0.896978,0.901176,12.000000
0.477751,0.927557,1.000000
0.304973,0.789940,2.000000
0.138001,0.682624,3.000000
0.112261,0.366106,4.000000
0.201763,0.268449,5.000000
0.173304,0.169185,6.000000
0.565074,0.237232,7.000000
0.613193,0.381807,8.000000
0.824576,0.507056,9.000000
0.848712,0.752297,10.000000
0.662544,0.858683,11.000000
0.895857,0.836653,12.000000
0.391650,0.840909,1.000000
0.212283,0.768491,2.000000
0.202608,0.694414,3.000000
0.024061,0.420427,4.000000
0.128198,0.321754,5.000000
0.176112,0.181231,6.000000
0.463087,0.211266,7.000000
0.647901,0.329216,8.000000
0.866510,0.553351,9.000000
0.855221,0.801652,10.000000
0.691576,0.852076,11.000000
0.877942,0.821228,12.000000
0.457632,0.927906,1.000000
0.292884,0.838941,2.000000
0.211848,0.628167,3.000000
0.098228,0.456131,4.000000
0.204213,0.284788,5.000000
0.227239,0.082189,6.000000
0.458628,0.317160,7.000000
0.631725,0.315112,8.000000
0.789890,0.510357,9.000000
0.830754,0.845137,10.000000
0.615869,0.898094,11.000000
0.968253,0.812243,12.000000
0.365197,0.976521,1.000000
0.287429,0.867841,2.000000
0.134503,0.610271,3.000000
0.067692,0.413959,4.000000
0.257188,0.258386,5.000000
0.269375,0.129127,6.000000
0.492557,0.329983,7.000000
0.654677,0.350995,8.000000
0.818075,0.481390,9.000000
0.850624,0.818785,10.000000
0.695107,0.910619,11.000000
0.920426,0.850846,12.000000
0.415526,0.879566,1.000000
0.296466,0.746468,2.000000
0.132934,0.623740,3.000000
0.055483,0.388227,4.000000
0.224830,0.346084,5.000000
0.240085,0.117928,6.000000
0.536275,0.319747,7.000000
0.667762,0.310341,8.000000
0.848430,0.498601,9.000000
0.769172,0.809059,10.000000
0.619257,0.873899,11.000000
0.901627,0.866060,12.000000
0.447463,0.882520,1.000000
0.311197,0.752849,2.000000
0.214031,0.618671,3.000000
0.070631,0.355658,4.000000
0.218943,0.330826,5.000000
0.197793,0.080960,6.000000
0.457189,0.306185,7.000000
0.691069,0.398311,8.000000
0.836973,0.511795,9.000000
0.745994,0.769334,10.000000
0.670932,0.934965,11.000000
0.942731,0.832759,12.000000
0.427471,0.895046,1.000000
0.287555,0.740231,2.000000
0.206147,0.550229,3.000000
0.137988,0.478199,4.000000
0.179790,0.373726,5.000000
0.247814,0.094619,6.000000
0.586978,0.221264,7.000000
0.630342,0.317252,8.000000
0.815418,0.448444,9.000000
0.692248,0.832553,10.000000
0.606559,0.831141,11.000000
0.866161,0.786032,12.000000
0.352547,0.928191,1.000000
0.344511,0.720295,2.000000
0.112496,0.692130,3.000000
0.021370,0.480112,4.000000
0.121034,0.309753,5.000000
0.232354,0.151387,6.000000
0.544489,0.234715,7.000000
0.654963,0.285700,8.000000
0.738416,0.591496,9.000000
0.774843,0.743169,10.000000
0.614304,0.891449,11.000000
0.844797,0.834579,12.000000
0.371873,0.826595,1.000000
0.316548,0.780222,2.000000
0.107697,0.716365,3.000000
0.023192,0.354174,4.000000
0.171600,0.277245,5.000000
0.164359,0.173600,6.000000
0.551291,0.264503,7.000000
0.699478,0.347245,8.000000
0.838874,0.589852,9.000000
0.805688,0.821289,10.000000
0.664975,0.822306,11.000000
0.937430,0.886963,12.000000
