1,1,5
0.0594381235782,0.105233001072,1.0
0.0694711606143,0.288404066222,2.0
0.943133176699,0.909658891642,3.0
0.0486503983789,0.924098644624,4.0
0.943549625163,0.0554786661418,5.0
0.056037932684,0.0726897998981,1.0
0.0765612224457,0.241069959152,2.0
0.905886320571,0.924536135847,3.0
0.0872194775269,0.909821784986,4.0
0.922153224308,0.0703956760817,5.0
0.0822789790703,0.0504289726135,1.0
0.117648384116,0.265479293364,2.0
0.942504844367,0.922302473098,3.0
0.0662035576492,0.964085168921,4.0
0.904373117251,0.0820479121428,5.0
0.0744086551324,0.0717725140326,1.0
0.102534419638,0.240018018098,2.0
0.931331888638,0.921251549098,3.0
0.088492452639,0.954454766554,4.0
0.922663073869,0.0488182164597,5.0
0.067394218529,0.0676450634123,1.0
0.118406919943,0.268909020365,2.0
0.967370129828,0.933726030385,3.0
0.0895169688834,0.958604004384,4.0
0.928408400353,0.06951275932,5.0
0.0802215932528,0.0720526938764,1.0
0.0956383315427,0.257507378071,2.0
0.9481871815,0.941071367885,3.0
0.0824643121845,0.925681270532,4.0
0.927625898053,0.0784697976275,5.0
0.144115844058,0.0427368613117,1.0
0.10393570633,0.198707132835,2.0
0.935699341148,0.930360823586,3.0
0.0394221404157,0.989840436582,4.0
0.981620274881,0.0726722365608,5.0
0.0829664008087,0.117193970245,1.0
0.0819084152816,0.284387373265,2.0
0.920004127828,0.958297285297,3.0
0.06061274563,0.953712401291,4.0
0.933705318386,0.0494083292822,5.0
0.116368830889,0.118742146701,1.0
0.118051501966,0.301983129579,2.0
0.949322981066,0.909407482456,3.0
0.0977363146759,0.928879167264,4.0
0.913729233511,0.082800293606,5.0
0.091248542301,0.102870941694,1.0
0.0701284370178,0.240703774579,2.0
0.952196856876,0.915477809443,3.0
0.0953632916046,0.949173688274,4.0
0.907676315951,0.0777771053613,5.0
0.0578815341757,0.101596822363,1.0
0.0316204045556,0.237816535825,2.0
0.916472944927,0.991693099093,3.0
0.038018134632,0.971429277086,4.0
0.954058394929,0.0681607615657,5.0
0.0438876259762,0.0587193156319,1.0
0.0485589950508,0.270009964584,2.0
0.926503706995,0.921703974154,3.0
0.0964348674682,0.933141124425,4.0
0.885933169481,0.0764462481275,5.0
0.10999625332,0.0648061273698,1.0
0.118533587218,0.232679577982,2.0
0.895528364026,0.944286450688,3.0
0.0621245689967,0.884906811394,4.0
0.889286048466,0.128261819042,5.0
0.100782355194,0.0527694726885,1.0
0.0169650215641,0.264220436361,2.0
0.894540048513,0.92741943376,3.0
0.0585428740197,0.921489032059,4.0
0.877744528603,0.0541990742735,5.0
0.0701636081349,0.0933803147178,1.0
0.0882941424487,0.251227719206,2.0
0.925182921289,0.971081585231,3.0
0.0639392031519,0.937000982442,4.0
0.905778481032,0.0608760964813,5.0
0.0524394313907,0.0550599802789,1.0
0.0764283795525,0.247096756291,2.0
0.90452369464,0.905230294796,3.0
0.051109026268,0.922270307458,4.0
0.924113552545,0.0832037576666,5.0
0.101214791892,0.0496203879326,1.0
0.00480813805362,0.206286029486,2.0
0.94925863629,0.978465516104,3.0
0.0912965140449,0.944477245677,4.0
0.932118584717,0.123726316402,5.0
0.0426167564935,0.0869963220492,1.0
0.0238516478242,0.244665954392,2.0
0.935465991673,0.892856088273,3.0
0.0512053786281,0.881029239331,4.0
0.893869003339,0.0143241184204,5.0
0.049763039071,0.111467164114,1.0
0.102079698997,0.322066244002,2.0
0.915465455423,0.886692905445,3.0
0.0647125471077,0.966018837283,4.0
0.946785186716,0.0230345331694,5.0
0.117068916367,0.0511993913027,1.0
0.0783647159184,0.232874589939,2.0
0.9304557851,0.859886825463,3.0
0.0237918521366,0.933075516898,4.0
0.861386974688,0.112482570843,5.0
0.092861691036,0.0888304274488,1.0
0.0539162371653,0.299294512053,2.0
0.932652704731,0.939091464387,3.0
0.0640345445053,0.94886927591,4.0
0.924902554643,0.10543753124,5.0
0.0986514709114,0.0667805930752,1.0
0.0655358402021,0.273010097572,2.0
0.942744007296,0.906367779608,3.0
0.0907113330224,0.922903951321,4.0
0.958535211056,0.0840352600343,5.0
0.119403944899,0.0998860976971,1.0
0.0941788956618,0.30102525174,2.0
0.948463364122,0.950815151765,3.0
0.117725655957,0.942340870588,4.0
0.932857021535,0.0566052108003,5.0
0.106564676022,0.10107542133,1.0
0.0614393885531,0.284380062151,2.0
0.922170288254,0.904511652135,3.0
0.0754004980361,0.90974375712,4.0
0.944259988732,0.100773137874,5.0
0.115395010582,0.0913860994263,1.0
0.0996825744831,0.262162770195,2.0
0.951319689782,0.934098806671,3.0
0.119524705131,0.908704978956,4.0
0.943262146748,0.0704677884173,5.0
0.0662739950371,0.0890359599591,1.0
0.0630937894077,0.27911759657,2.0
0.930542326353,0.908710874354,3.0
0.0718349627739,0.91381653172,4.0
0.923323357175,0.0517976986043,5.0
0.117983205127,0.0858153681315,1.0
0.0755733885708,0.238097644327,2.0
0.927888189662,0.945929612958,3.0
0.0969331589993,0.925236035093,4.0
0.932688919492,0.0505108330273,5.0
0.0931082888144,0.0631109534098,1.0
0.104742605373,0.263210632252,2.0
0.922942824573,0.923353047631,3.0
0.092706507434,0.936124022791,4.0
0.926293127619,0.0539652712299,5.0
0.0980780863069,0.0350376116109,1.0
0.12822923654,0.328999051058,2.0
0.949992483967,0.870919156631,3.0
0.141711667576,0.918501089816,4.0
0.997361412965,0.0478594438009,5.0
0.10747980681,0.106112410591,1.0
0.0914412944133,0.243735361228,2.0
0.891304982698,0.89905767371,3.0
0.108914222505,0.921289554179,4.0
0.880877491539,0.0223024016233,5.0
0.0949791828668,0.0709619518251,1.0
0.113436379498,0.254528478076,2.0
0.902713077403,0.943597159972,3.0
0.0536829159767,0.909956319789,4.0
0.95262321382,0.0745069223149,5.0
0.0717693761129,0.0677337326669,1.0
0.0608464380863,0.265523933385,2.0
0.910629563354,0.945907730138,3.0
0.106118788965,0.916299557453,4.0
0.915077231493,0.0715266378004,5.0
0.0940317739911,0.108671057175,1.0
0.091911473333,0.293165815662,2.0
1.0,0.910331724987,3.0
0.0883015429762,0.932931368398,4.0
0.92094912486,0.0128836899379,5.0
0.109246042974,0.0168590951792,1.0
0.00302709162151,0.282109822449,2.0
0.911410189564,0.88428922971,3.0
0.105275433395,0.954069767631,4.0
0.879849527738,0.0712869051617,5.0
0.0542233436292,0.0956389341906,1.0
0.100384518743,0.299489783172,2.0
0.914459083211,0.918943016981,3.0
0.115067463107,0.918249461767,4.0
0.969351246215,0.0917602612049,5.0
0.0904400993343,0.102762994682,1.0
0.0635627436809,0.272941279089,2.0
0.921696165057,0.907506468332,3.0
0.0855579833527,0.912676905122,4.0
0.932890619015,0.0762642239469,5.0
0.0925966998572,0.0965214854473,1.0
0.0648969966526,0.260827840206,2.0
0.908934017952,0.930648012691,3.0
0.0683743460124,0.952405399325,4.0
0.9335150561,0.0893867548228,5.0
0.0640618380167,0.0858116266392,1.0
0.0879601554267,0.277950777009,2.0
0.902930715231,0.944390839765,3.0
0.0726218054136,0.934980641868,4.0
0.901732192403,0.0491254267189,5.0
0.0522207501869,0.0942576703404,1.0
0.0554955944154,0.26551075445,2.0
0.969493856987,0.951882966214,3.0
0.0930566455244,0.955602320528,4.0
0.964713148541,0.0635685584473,5.0
0.0985813558689,0.0492351535468,1.0
0.0637886898776,0.265242594035,2.0
0.94282228511,0.949982768374,3.0
0.0506544882135,0.920473260481,4.0
0.911537563329,0.0617720707029,5.0
0.0931820382732,0.118672676302,1.0
0.0845775028525,0.270932951503,2.0
0.900158156368,0.961383632723,3.0
0.0520639120811,0.926482090903,4.0
0.965211523152,0.0786038974563,5.0
0.073088866241,0.0946077612803,1.0
0.0645284593166,0.254028835456,2.0
0.913383986941,0.944008689504,3.0
0.0915381490207,0.934740941048,4.0
0.939047297261,0.080215917985,5.0
0.0420010835902,0.0398314493078,1.0
0.0972741393907,0.198100986852,2.0
0.944195345954,0.945900061991,3.0
0.00511841137536,0.977089582268,4.0
0.887656916517,0.0575410713684,5.0
0.0484549532294,0.09157498277,1.0
0.062667894034,0.283700733983,2.0
0.959821195018,0.874143431942,3.0
0.00928713647269,0.966311585093,4.0
0.905302647844,0.0351294821459,5.0
0.00278432270149,0.134556007076,1.0
0.0778153261065,0.207776346207,2.0
0.891558056227,0.884898770393,3.0
0.0120803878256,0.87996426895,4.0
0.984231467696,0.117216194702,5.0
0.0331539077094,0.0231291113154,1.0
0.0935262251401,0.285709026934,2.0
0.921055818948,0.956681385244,3.0
0.0351174270372,0.916901106659,4.0
0.946864908397,0.113116939282,5.0
0.13456301329,0.068618348223,1.0
0.0956723376193,0.281312580395,2.0
0.921510411274,0.956504966361,3.0
0.0364409433677,0.916248097286,4.0
0.937137778996,0.130801360752,5.0
0.0851514143522,0.0581608180259,1.0
0.0335076664984,0.222314804974,2.0
0.949156170603,0.884167422741,3.0
0.0602644748625,0.965446631334,4.0
0.967680453921,0.0887785115997,5.0
0.0596134590307,0.086831561654,1.0
0.0992925468917,0.258316292691,2.0
0.938518953539,0.950799582755,3.0
0.105728214631,0.911671751074,4.0
0.917157260218,0.0949462343495,5.0
0.0886629264159,0.076926461284,1.0
0.0925191129334,0.243239654326,2.0
0.93530297089,0.903960292203,3.0
0.0694992867558,0.909008280397,4.0
0.944232483458,0.0795732280219,5.0
0.107560979108,0.0298594145987,1.0
0.106069425836,0.279163748616,2.0
0.940800192108,0.92256298462,3.0
0.0413408935369,0.980243591007,4.0
0.95266178372,0.0809862922461,5.0
0.0204454956452,0.0421021081333,1.0
0.106745255994,0.262426854094,2.0
0.91221145512,0.870912785569,3.0
0.0625696602764,0.924140869399,4.0
0.910948641615,0.0314207370818,5.0
0.0609786706259,0.0733182337397,1.0
0.0554228577054,0.263132751351,2.0
0.920144949768,0.96374638197,3.0
0.103666518121,0.959228320447,4.0
0.923875419513,0.115855691068,5.0
0.0509508232455,0.0944313371399,1.0
0.0903216907659,0.275466030993,2.0
0.924590053019,0.911704310466,3.0
0.0601543231808,0.914328031538,4.0
0.936897825102,0.0735394266231,5.0
0.0735375663353,0.0639611356254,1.0
0.105187173895,0.251973476714,2.0
0.972042520671,0.926009635692,3.0
0.0937933209222,0.954902658371,4.0
0.943160469654,0.05461935233,5.0
0.101721393261,0.0858635620819,1.0
0.0536888359303,0.245717322791,2.0
0.953357271885,0.919791761358,3.0
0.0765436689366,0.952824939536,4.0
0.938631465822,0.0891002451607,5.0
0.0510877954589,0.0309481274288,1.0
0.0180481962406,0.197891547274,2.0
0.947270651848,0.93779576982,3.0
0.0163331882309,0.858719787436,4.0
0.874940280552,0.0412909054486,5.0
0.0475119387509,0.0356431665517,1.0
0.0371976897123,0.242107620978,2.0
0.870452311962,0.893617748822,3.0
0.0621185960165,0.956162461924,4.0
0.928515727906,0.0622409190888,5.0
0.0983876338365,0.0693190794807,1.0
0.1124707023,0.288241078911,2.0
0.911794259542,0.946342943842,3.0
0.10373882356,0.916295801148,4.0
0.910232253312,0.102549420989,5.0
0.092662054649,0.0988973968039,1.0
0.0872992262791,0.280795395956,2.0
0.90026686879,0.953804193544,3.0
0.0582219879855,0.957729620866,4.0
0.953221893611,0.0598898205094,5.0
0.0817125141263,0.0914718638148,1.0
0.0861384705254,0.286358949416,2.0
0.970317051525,0.937529684008,3.0
0.0927591960186,0.958706026556,4.0
0.957117321586,0.110096976457,5.0
0.0997965180852,0.0873856890412,1.0
0.0872100927597,0.270646548538,2.0
0.957754877368,0.914985585995,3.0
0.0998203526103,0.939062471028,4.0
0.929687187537,0.0632532136043,5.0
0.0683099980203,0.0634565643877,1.0
0.057525306736,0.295295306139,2.0
0.933924208718,0.944779108056,3.0
0.100350640384,0.931903331373,4.0
0.97117798983,0.0994245119039,5.0
0.0583220814981,0.0782133230175,1.0
0.105304449069,0.250082727296,2.0
0.952770188344,0.935403286092,3.0
0.0514399517061,0.938300523717,4.0
0.951822678782,0.0546361142728,5.0
0.0610632577441,0.0817088612595,1.0
0.0758304334446,0.30624219853,2.0
0.933733070918,0.968029014813,3.0
0.0703155167241,0.937973659856,4.0
0.910428190765,0.120457576682,5.0
0.0876916882844,0.0810596186381,1.0
0.0713363786434,0.294017181898,2.0
0.937651405167,0.934374821059,3.0
0.0752559172684,0.94303514321,4.0
0.960248544753,0.0855394492413,5.0
0.0977041869687,0.0173626632952,1.0
0.146176770929,0.276651910569,2.0
0.902847567388,0.902138728238,3.0
0.0619164845807,0.914221175284,4.0
0.927381515721,0.0833978536632,5.0
0.0567298278519,0.115207832681,1.0
0.0393403965562,0.271836038893,2.0
0.948587644714,0.96507461414,3.0
0.0574731966855,0.877607745272,4.0
0.954622074649,0.0440758843793,5.0
0.0436960626144,0.11029556259,1.0
0.104421439899,0.277489974603,2.0
0.985260614106,0.94848815972,3.0
0.0901491240814,0.981935003961,4.0
0.86258856916,0.0167436633085,5.0
0.0342543374983,0.0173467040492,1.0
0.0690546455693,0.25067982577,2.0
0.953094693239,0.952675102027,3.0
0.0445919615559,0.863093215156,4.0
0.867164259305,0.0470176705637,5.0
0.0866405324826,0.0163906218229,1.0
0.0956740422583,0.226622820651,2.0
0.920506506952,0.975423553897,3.0
0.11094620206,0.946212845725,4.0
0.967169612873,0.142731866578,5.0
0.110488279261,0.0420153958963,1.0
0.0210445814524,0.256497240479,2.0
0.948105351267,0.92281813335,3.0
0.0787676667776,0.860853030623,4.0
0.857070238013,0.0606174483589,5.0
0.117648820326,0.115064375933,1.0
0.0,0.279909748936,2.0
0.959893944536,0.931017018452,3.0
0.132077899955,0.92951573782,4.0
0.987411219526,0.0234346452601,5.0
0.0382663013199,0.108999904416,1.0
0.0808623099345,0.254231382719,2.0
0.968380676316,0.902461186517,3.0
0.0145452348277,0.882946977609,4.0
0.943539267755,0.0765899779114,5.0
0.0806192425673,0.0664955982629,1.0
0.102981689477,0.286424635915,2.0
0.93661639012,0.905340458652,3.0
0.0500890687806,0.962446574564,4.0
0.964762207659,0.106579916347,5.0
0.0881691763449,0.0819613220002,1.0
0.066706447384,0.262984835395,2.0
0.904693259064,0.958542732909,3.0
0.0879647100117,0.920139661517,4.0
0.927689495846,0.0485510404986,5.0
0.0569856254896,0.130072365896,1.0
0.0879647873904,0.297718633245,2.0
0.89144565788,0.893380280036,3.0
0.129782527252,0.861821062696,4.0
0.869593205537,0.0914604167154,5.0
0.0964615022612,0.0,1.0
0.0190137858121,0.294988505895,2.0
0.937956330707,0.96916217453,3.0
0.0629463503946,0.878496766899,4.0
0.865175846539,0.0779439999562,5.0
0.0959568026646,0.0826431480309,1.0
0.0680375328876,0.288411325721,2.0
0.969565133924,0.964198680402,3.0
0.0814838861503,0.924351622825,4.0
0.904506502169,0.105797021406,5.0
0.0512377190955,0.0519943893676,1.0
0.0988006529617,0.253305876814,2.0
0.934679567119,0.933991630083,3.0
0.0803056835235,0.946048469954,4.0
0.937762231182,0.0536211967772,5.0
0.12156496452,0.0674989941262,1.0
0.103546399581,0.242088751517,2.0
0.918748653559,0.968710877987,3.0
0.081405222763,0.96281419348,4.0
0.953055046219,0.0502983487028,5.0
0.0948323060398,0.0509583998463,1.0
0.0569476254363,0.244929892995,2.0
0.944687246565,0.941164466674,3.0
0.0936177386824,0.913243563983,4.0
0.93659329516,0.0590272407147,5.0
0.130445924888,0.113883879956,1.0
0.144000215902,0.30965079886,2.0
0.928651768443,0.977971404698,3.0
0.126953411416,0.939277905204,4.0
0.910705320679,0.0598050459621,5.0
0.113323208781,0.029561735846,1.0
0.0794517265115,0.287079673429,2.0
0.871421241056,0.8837297154,3.0
0.00711425745916,0.965828204557,4.0
0.895858911065,0.0708117840829,5.0
0.051264058662,0.0825669566315,1.0
0.118726495366,0.269983903129,2.0
0.920916396145,0.921350378229,3.0
0.061145594055,0.931117660057,4.0
0.914935844764,0.0846561821421,5.0
0.0871763719368,0.0666825179893,1.0
0.0561726145432,0.248421064582,2.0
0.926342200441,0.928885592176,3.0
0.0861533042575,0.948048873569,4.0
0.946045208109,0.0812992408405,5.0
0.0713068133066,0.102494049001,1.0
0.129413035602,0.320377067886,2.0
0.893852088509,0.870459524395,3.0
0.00828512597175,0.943589237173,4.0
0.975352514575,0.0440679921881,5.0
0.0769080034248,0.0926330404476,1.0
0.0390620753274,0.276663411424,2.0
0.928816536178,0.868006872394,3.0
0.021140126764,0.970261372989,4.0
0.929522108918,0.00445578607133,5.0
0.0588189721423,0.084941526104,1.0
0.0557911771203,0.316508085607,2.0
0.857021020799,0.872312197422,3.0
0.115957566466,0.964705071673,4.0
0.98099084897,0.079040605461,5.0
0.0754140415833,0.0811624630381,1.0
0.112618742417,0.288127755268,2.0
0.880040261241,0.931357125314,3.0
0.0982885134999,0.956860828522,4.0
0.934743805263,0.00966069408709,5.0
0.048304722599,0.109373642929,1.0
0.0979188296053,0.301446120741,2.0
0.957200897042,0.930863019388,3.0
0.106786357993,0.945827460278,4.0
0.938157154495,0.112527404567,5.0
0.0701577443848,0.0596916706518,1.0
0.0994638975747,0.277291888178,2.0
0.933776383942,0.957369007961,3.0
0.103733631573,0.925934312361,4.0
0.949366212238,0.0568506074088,5.0
0.138784185334,0.141134951972,1.0
0.145212614642,0.33464209499,2.0
0.980110173547,0.939621859487,3.0
0.128546895822,0.876523333528,4.0
0.962060172534,0.0493906625271,5.0
0.0882352710996,0.032550576491,1.0
0.0455338877516,0.288278052841,2.0
0.901856430501,0.926300376905,3.0
0.0137961986679,0.917960313466,4.0
0.879340369014,0.0140296075594,5.0
0.111788603737,0.110787881143,1.0
0.0909907839409,0.265451338559,2.0
0.914159490863,0.909822639603,3.0
0.0965865229686,0.9306489422,4.0
0.960950893922,0.0826743519835,5.0
0.102869944372,0.0585630618694,1.0
0.0810451722049,0.246874923003,2.0
0.949877303888,0.908025806236,3.0
0.101141966027,0.905193979663,4.0
0.906964017356,0.0817091771401,5.0
0.0243302683265,0.14570294124,1.0
0.091558681706,0.261072824951,2.0
0.957006650941,0.992082248783,3.0
0.145456736143,0.875875083525,4.0
0.938236488297,0.0778750838428,5.0
0.0779419472523,0.0362232740662,1.0
0.00456923047318,0.214065370583,2.0
0.945130577561,0.960013114578,3.0
0.0739061302367,0.913467688516,4.0
0.890479706166,0.0295372138258,5.0
0.0993954621011,0.0934571448701,1.0
0.10832859193,0.240843996372,2.0
0.907138440474,0.91164259824,3.0
0.0913028618001,0.973580222548,4.0
0.903898404411,0.088485170548,5.0
0.0621634848718,0.0541344073202,1.0
0.0753299874276,0.247385822804,2.0
0.923305619432,0.93661425612,3.0
0.102004476768,0.936735490324,4.0
0.954578595721,0.0915455871095,5.0
0.0246848942915,0.0580196650844,1.0
0.0136305923075,0.294753390571,2.0
0.963097826745,0.900240655578,3.0
0.0816927409921,0.874117374827,4.0
0.968780924358,0.0967256786258,5.0
0.0673074641039,0.0211632652095,1.0
0.0585045097186,0.257078497162,2.0
0.867929830542,0.966893002319,3.0
0.0838445923664,0.913830314235,4.0
0.924773489286,0.0739152416729,5.0
0.0941117819759,0.115495003216,1.0
0.0999429444526,0.274105269754,2.0
0.93442993667,0.932805986097,3.0
0.0751769365437,0.964753098274,4.0
0.906654572465,0.111751501843,5.0
0.0515566895778,0.0487675873925,1.0
0.0548500190705,0.241496679514,2.0
0.959918866684,0.917493220129,3.0
0.0905145454167,0.913406838088,4.0
0.90836722981,0.0495393656612,5.0
0.113216423867,0.112102944722,1.0
0.0888767987189,0.304818108774,2.0
0.909580437149,0.911205904296,3.0
0.118673619207,0.922011904048,4.0
0.953064625715,0.100125776905,5.0
0.0498402280428,0.0969485356706,1.0
0.0800464317751,0.25091411706,2.0
0.932459136876,0.952504874102,3.0
0.0790568958779,0.923173503632,4.0
0.944117333859,0.0540875905433,5.0
0.0977269192201,0.0796046667114,1.0
0.0142592636493,0.286499344938,2.0
0.969068577051,0.912003107079,3.0
0.00389854511006,0.889958192527,4.0
0.94753464029,0.0967699678346,5.0
0.106409082982,0.0132069434906,1.0
0.0947437506619,0.265370632069,2.0
0.904720512327,0.959659166642,3.0
0.0844378590586,0.970461983467,4.0
0.908408275343,0.047303085065,5.0
0.145943644829,0.0705072445535,1.0
0.076613685351,0.254154727288,2.0
0.898130819741,0.954258952345,3.0
0.144700107348,0.958016267001,4.0
0.923525961393,0.0843939088842,5.0
0.0986312531785,0.0647822930796,1.0
0.0771191265483,0.24828664203,2.0
0.932340636121,0.896615292573,3.0
0.0476260165058,0.899916802671,4.0
0.949400480992,0.026904619701,5.0
0.0570073954681,0.0973633436451,1.0
0.132480048927,0.302982175841,2.0
0.999521918326,0.912991890012,3.0
0.0175374027024,0.964960887409,4.0
0.984241795843,0.126739759627,5.0
0.103531049787,0.113207681468,1.0
0.0792003005472,0.232201514388,2.0
0.912587431004,0.855331039059,3.0
0.0834243244506,0.937303996487,4.0
0.865769138007,0.0157990051339,5.0
0.0855390994059,0.0716107244204,1.0
0.128502828957,0.242525592866,2.0
0.944668820902,0.86231079258,3.0
0.0222906763827,0.983669114458,4.0
0.97060583136,0.00868214259029,5.0
0.0250118491622,0.101582416944,1.0
0.096834573547,0.234568205896,2.0
0.956462667698,0.913069846548,3.0
0.0402486518171,0.881618024475,4.0
0.951441839295,0.0169494099133,5.0
0.0692860161717,0.113825981182,1.0
0.0695225316782,0.296806676114,2.0
0.922051703113,0.963328128011,3.0
0.0577773109933,0.963004510037,4.0
0.965458646828,0.0625613701718,5.0
0.0582099908982,0.0687417481958,1.0
0.0949916918118,0.27186003019,2.0
0.940683193609,0.930382974201,3.0
0.0999366421909,0.902917428804,4.0
0.918241790106,0.0522162056758,5.0
0.0574651100142,0.0803102733711,1.0
0.0808707184782,0.289537370391,2.0
0.942398072454,0.907745175801,3.0
0.0812360945198,0.949724476006,4.0
0.965575669461,0.0812928673977,5.0
0.0993547179984,0.0713033552839,1.0
0.103506735593,0.290597704633,2.0
0.91773222331,0.947093159031,3.0
0.0644131271286,0.942048422778,4.0
0.923986348647,0.04737138284,5.0
0.0573597764778,0.0905016211771,1.0
0.119131270088,0.253085727114,2.0
0.965993977941,0.906569974182,3.0
0.0980403448008,0.946143667561,4.0
0.936100430351,0.0753506155467,5.0
0.0963047297765,0.100052583478,1.0
0.0768381172732,0.277477200772,2.0
0.939520532618,0.904776939816,3.0
0.0878034844356,0.959732814041,4.0
0.9461906329,0.0985335506351,5.0
0.0908861272594,0.0913768681891,1.0
0.104383057941,0.300805591749,2.0
0.930226029317,0.911399138887,3.0
0.109100105814,0.959033408381,4.0
0.936260248629,0.0504209426372,5.0
0.0882875050233,0.0962208134751,1.0
0.0773350233141,0.256577540644,2.0
0.913589226288,0.910543065656,3.0
0.0738279241787,0.923313373854,4.0
0.941786537338,0.0708363414584,5.0
0.0542567934346,0.105208296741,1.0
0.104131837709,0.265852910625,2.0
0.97064964937,0.964605892585,3.0
0.0758790282256,0.926848669149,4.0
0.917492025216,0.118579338857,5.0
0.0666159848397,0.0930715290309,1.0
0.0943678303013,0.241714312498,2.0
0.929930975886,0.901665930229,3.0
0.0975476176155,0.940571647791,4.0
0.95032803266,0.0956482021776,5.0
0.136810898154,0.0646419966567,1.0
0.0527866836212,0.254170594197,2.0
0.953651999454,0.944422189982,3.0
0.0065570819215,0.901710296163,4.0
0.943109478457,0.0588388386904,5.0
0.107101540324,0.0773600926596,1.0
0.103397311502,0.28610484392,2.0
0.931248097034,0.876808905768,3.0
0.0069800577035,0.880296908743,4.0
0.905478894029,0.0454085329568,5.0
0.0626795344392,0.118893915232,1.0
0.0993381463105,0.249662118197,2.0
0.920517030007,0.933239807346,3.0
0.0877039689935,0.932320779239,4.0
0.905779293708,0.0884369029115,5.0
0.103044864327,0.0738816422279,1.0
0.0897108990965,0.291338701309,2.0
0.958649374203,0.912542131846,3.0
0.0885091080694,0.902827772872,4.0
0.925430544041,0.088579433728,5.0
0.0526979496516,0.067428107172,1.0
0.0766310538283,0.271095201041,2.0
0.942677594049,0.906830418362,3.0
0.0528081569287,0.92637930471,4.0
0.959070670916,0.0902400951976,5.0
0.0594686238437,0.0485459087995,1.0
0.101685336444,0.246574731752,2.0
0.960106463651,0.932765764122,3.0
0.0654354147383,0.913245040906,4.0
0.936652194533,0.0996119623781,5.0
0.0883078982761,0.056335032987,1.0
0.0745166901426,0.282842828312,2.0
0.905592558464,0.93985595971,3.0
0.0513512191762,0.93777504185,4.0
0.925472300431,0.0645177077697,5.0
0.0917177200998,0.0840570082802,1.0
0.0984960327373,0.246673498709,2.0
0.959429892179,0.921987546644,3.0
0.067636496323,0.954658179672,4.0
0.932709442453,0.0914685868542,5.0
0.100844697661,0.0778200858718,1.0
0.0829264837854,0.253934851131,2.0
0.929372985966,0.929284534682,3.0
0.0595018752438,0.903165946838,4.0
0.942120004715,0.0647439388461,5.0
0.0980159609528,0.0866443755638,1.0
0.0595146567305,0.251581089144,2.0
0.938500276844,0.9282142468,3.0
0.0583345856437,0.956883249569,4.0
0.936685525264,0.0587637646824,5.0
0.0528277493815,0.135385138153,1.0
0.00193298086692,0.201987645096,2.0
0.898568554911,0.912589100238,3.0
0.140235277028,0.897858427718,4.0
0.935279559267,0.127578758928,5.0
0.037658418684,0.0717808386471,1.0
0.0850348791742,0.284321863052,2.0
0.947851470587,0.962345149271,3.0
0.0369859961251,0.941345388414,4.0
0.910186540686,0.105100076087,5.0
0.0897831223088,0.0730245164514,1.0
0.109848583729,0.246636672293,2.0
0.967024152087,0.968179713679,3.0
0.0997466308586,0.972882596632,4.0
0.942001404151,0.0988671524985,5.0
0.101053850029,0.0806506183588,1.0
0.0867665765884,0.261818226343,2.0
0.910041147469,0.920616285416,3.0
0.0870792793608,0.940847178987,4.0
0.903751836893,0.0739633296356,5.0
0.0967117765096,0.117458242658,1.0
0.120666924197,0.277058169782,2.0
0.968435731438,0.914837928677,3.0
0.118584362384,0.873641008862,4.0
0.950217022404,0.125083937023,5.0
0.0456377951868,0.0786197155648,1.0
0.0246580064059,0.277060566625,2.0
0.964469583619,0.926712509901,3.0
0.0741923178061,0.899006450336,4.0
0.928635361804,0.0528454227083,5.0
0.0984153489497,0.100728950063,1.0
0.0543221045151,0.256084264938,2.0
0.94323618238,0.92187887876,3.0
0.0463989742221,0.905086102651,4.0
0.946700726032,0.106161878824,5.0
0.0473678318201,0.101092779511,1.0
0.0745956026508,0.270965893396,2.0
0.957874385359,0.890379349236,3.0
0.0915129330971,0.930889995052,4.0
0.885167982118,0.0769027556238,5.0
0.135609196205,0.0435825912843,1.0
0.120305238999,0.285215392351,2.0
0.981148173554,0.858935561928,3.0
0.0214446429051,0.971477412613,4.0
0.991669908178,0.0726469194097,5.0
0.0790652266992,0.104001927301,1.0
0.0444033614882,0.204467852595,2.0
0.964654021392,0.969591451357,3.0
0.0813749926846,0.925907560651,4.0
0.891423548913,0.105185118082,5.0
0.0653502267392,0.0535747634312,1.0
0.0990447598373,0.305892134699,2.0
0.925368436468,0.968551107775,3.0
0.0550548487915,0.913869670368,4.0
0.954523817704,0.0734452991805,5.0
0.100421832461,0.0596786021495,1.0
0.0628646605658,0.260667643421,2.0
0.914059826143,0.937285858342,3.0
0.0792038647525,0.912752759521,4.0
0.914226879368,0.0538482605555,5.0
0.0908287549071,0.125030542355,1.0
0.117420215484,0.320974619013,2.0
0.959965142726,0.861083699293,3.0
0.04657164674,0.935052715476,4.0
0.949873768759,0.0177391240293,5.0
0.068458088269,0.094174997039,1.0
0.107743811673,0.296766377103,2.0
0.87865266314,0.956899029442,3.0
0.00961878459144,0.965179886524,4.0
0.953977332571,0.0216080474916,5.0
0.0892614942915,0.0776057497857,1.0
0.118279497734,0.273099466147,2.0
0.926267412935,0.970291551043,3.0
0.082928820636,0.909823248488,4.0
0.927541531077,0.0974759137405,5.0
0.0770449639061,0.0856462563456,1.0
0.0973231147594,0.288334849957,2.0
0.939072768023,0.924104094709,3.0
0.0828121176197,0.924158530808,4.0
0.92083300535,0.0793423743783,5.0
0.0769342640124,0.071056867471,1.0
0.107953910937,0.246706321078,2.0
0.945767115362,0.914676526728,3.0
0.0682101800826,0.945109827255,4.0
0.910332553646,0.0758980096047,5.0
0.0759341400738,0.0785068556698,1.0
0.0979359803997,0.261753335379,2.0
0.917530179677,0.927555995883,3.0
0.0526611251526,0.920169231737,4.0
0.928469760445,0.0585767874955,5.0
0.103192531755,0.10179035873,1.0
0.109488389895,0.249655012567,2.0
0.924746225017,0.874797298266,3.0
0.121390202894,0.890545980519,4.0
0.999850279856,0.0410304498223,5.0
0.102017704875,0.0565914180505,1.0
0.107038285328,0.237921914578,2.0
0.958698413728,0.914137199715,3.0
0.034013212688,0.916739201631,4.0
0.923463055382,0.0532069935949,5.0
0.0561486401357,0.0483697200822,1.0
0.0916107675566,0.206804180713,2.0
0.995327260452,0.913584283479,3.0
0.0677159606015,0.964179984035,4.0
0.894951231095,0.00398138710432,5.0
0.0487533466378,0.0756404243575,1.0
0.076509297879,0.26047354541,2.0
0.908892048282,0.95188855253,3.0
0.0566100824412,0.918037965877,4.0
0.937410929096,0.0861083031058,5.0
0.0868142668747,0.115030415701,1.0
0.113637538544,0.294794496085,2.0
0.927466075161,0.936029567198,3.0
0.0834116913569,0.967792080208,4.0
0.934926604672,0.06609141936,5.0
0.06152838871,0.0615464144084,1.0
0.0676735840184,0.287291003944,2.0
0.921377130132,0.958090323507,3.0
0.0572441574457,0.91472301412,4.0
0.956101918648,0.0769193462966,5.0
0.0301130993568,0.0438281549254,1.0
0.0874444432076,0.276565844183,2.0
0.920327124273,0.887360717708,3.0
0.129810033264,0.966922831583,4.0
0.921155090947,0.00582370358086,5.0
0.0645511616213,0.073581603073,1.0
0.0866850064572,0.298560519966,2.0
0.955540665501,0.886876652818,3.0
0.0883857609289,0.863298032558,4.0
0.909065331544,0.0916481767941,5.0
0.0922495894045,0.0784904792932,1.0
0.118968606787,0.254916041612,2.0
0.922721720524,0.927007860112,3.0
0.0770300441578,0.922483890946,4.0
0.95712923274,0.102379374564,5.0
0.0792820199474,0.105963041781,1.0
0.0595768251435,0.284373062468,2.0
0.954393753006,0.943962737198,3.0
0.0770732852422,0.948799270533,4.0
0.949189203384,0.0715799731365,5.0
0.110857661535,0.102190011205,1.0
0.0936363707854,0.248962016211,2.0
0.921690810998,0.921599200564,3.0
0.0934347607717,0.936833006939,4.0
0.909134131584,0.0680190061084,5.0
0.0843991487367,0.0516949540607,1.0
0.0969217384059,0.277433396218,2.0
0.9299888852,0.929975225944,3.0
0.0761905960068,0.954766409734,4.0
0.946683201273,0.0603564795797,5.0
0.084417383952,0.107156732046,1.0
0.0786739969566,0.273466294985,2.0
0.957692706049,0.907169641063,3.0
0.115229885445,0.933809572427,4.0
0.930840708709,0.093862106621,5.0
0.0683668359018,0.0679759590879,1.0
0.102040041826,0.274394137798,2.0
0.907782287181,0.919176941759,3.0
0.0657443483838,0.916681777125,4.0
0.944338381254,0.0632659447338,5.0
0.0213511330691,0.0171501751565,1.0
0.131707444586,0.243953983503,2.0
0.923607480214,0.888764977485,3.0
0.017079329805,0.936979841787,4.0
0.931795808914,0.0341538249679,5.0
0.0738890692415,0.0573228774261,1.0
0.111148484561,0.29784849043,2.0
0.917780455393,0.946041145722,3.0
0.0267754597503,0.91364687219,4.0
0.928919463402,0.0648611116494,5.0
0.0748725188152,0.0605379945172,1.0
0.0964591755637,0.284328395849,2.0
0.960570253261,0.910294562286,3.0
0.108844988477,0.920700963574,4.0
0.929754400104,0.118841327262,5.0
0.105354812437,0.0954816603812,1.0
0.102419405768,0.2820886285,2.0
0.922815021069,0.923307448702,3.0
0.0588178829482,0.928262994591,4.0
0.95622316905,0.103374275334,5.0
0.0838975955775,0.0845262558331,1.0
0.00451143171391,0.29701408027,2.0
0.881424243728,0.934144206638,3.0
0.0200467595434,0.941308425672,4.0
0.87011969928,0.0811543359325,5.0
0.0981040618423,0.0353775131817,1.0
0.101276709498,0.219359148356,2.0
0.854772086182,0.887711704904,3.0
0.117547972111,0.907788745425,4.0
0.870331477153,0.0898772984332,5.0
0.0734990539865,0.11863990468,1.0
0.0702973672994,0.273833036911,2.0
0.944020976195,0.972121690326,3.0
0.0939305202116,0.958797506405,4.0
0.962006333767,0.0498269746832,5.0
0.0895029981224,0.0979204517735,1.0
0.0602469929783,0.290710108411,2.0
0.908898181183,0.935050061341,3.0
0.0990359864784,0.926203611715,4.0
0.917270975819,0.0623467590574,5.0
0.0623663763981,0.0326141054215,1.0
0.127713368209,0.202471408424,2.0
0.996809346608,0.912906145947,3.0
0.0317090880881,0.9250563956,4.0
0.900895559431,0.117603110724,5.0
0.0310226959011,0.0261715535631,1.0
0.119052382637,0.200657713502,2.0
0.956204869481,0.962627910419,3.0
0.105838807664,0.92646392973,4.0
0.942053310609,0.111290862234,5.0
0.0839015905181,0.107509717362,1.0
0.106806104863,0.290033841891,2.0
0.911879002055,0.918733375544,3.0
0.0949611895976,0.966841232799,4.0
0.970399520578,0.0865767567049,5.0
0.0829311192522,0.0906163393124,1.0
0.0837460574549,0.281829225016,2.0
0.923120456051,0.951567888227,3.0
0.104861531116,0.930726758442,4.0
0.923466517213,0.0627437700847,5.0
0.101054913095,0.0715854851978,1.0
0.0932259071662,0.326332652916,2.0
0.878761339675,0.921271164607,3.0
0.0751498669401,0.947580870648,4.0
0.916139571989,0.143290845334,5.0
0.117234365115,0.11164847439,1.0
0.0414982178813,0.218682883129,2.0
0.883312917997,0.863937998515,3.0
0.0926611987321,0.911364586059,4.0
0.887764878817,0.0740361828869,5.0
0.0176714513561,0.0357360945168,1.0
0.0146165145906,0.258827510117,2.0
0.924163719473,0.895925543261,3.0
0.130256489954,0.940970572856,4.0
0.930620786881,0.0655368784948,5.0
0.0898838414322,0.0698517827958,1.0
0.00663936923104,0.287868860408,2.0
0.878379086478,0.891885869686,3.0
0.0179158191874,0.89836381761,4.0
0.866953684933,0.0734134177289,5.0
0.089954026114,0.0764148635348,1.0
0.113693954083,0.285850454532,2.0
0.971050972257,0.925838394888,3.0
0.0916635894762,0.926673983306,4.0
0.930828694461,0.0760876046276,5.0
0.0785665361049,0.0789257769686,1.0
0.0514394835415,0.267598837967,2.0
0.907196663027,0.904709356261,3.0
0.0669688886865,0.931040741097,4.0
0.920833201345,0.0791013337956,5.0
0.00534876918402,0.0990829948895,1.0
0.0233425481423,0.280906998673,2.0
0.94996295937,0.943134607298,3.0
0.104244007632,1.0,4.0
0.876222207098,0.020983942507,5.0
0.114435148233,0.0463221228905,1.0
0.102263303414,0.207707305599,2.0
0.856850294718,0.902057164967,3.0
0.09487941369,0.891074314267,4.0
0.872268367358,0.103306617405,5.0
0.0639348521476,0.10720591448,1.0
0.090449902618,0.269970138135,2.0
0.920313187623,0.935695835297,3.0
0.0757363004316,0.907656206864,4.0
0.914377617682,0.0868824565154,5.0
0.0958440726889,0.0631806862864,1.0
0.0586635056671,0.240993014207,2.0
0.914957775858,0.917804470972,3.0
0.0916444497008,0.903372137821,4.0
0.913911703939,0.0504964355095,5.0
0.0853294614322,0.0521486441749,1.0
0.0740307737193,0.253429102934,2.0
0.934463610431,0.951894633779,3.0
0.0964726459707,0.910726910767,4.0
0.957956650568,0.0857944453976,5.0
0.0671680338245,0.0980746025455,1.0
0.095596785646,0.270054508864,2.0
0.950125090912,0.949256489164,3.0
0.0670922869161,0.938402053402,4.0
0.950166133416,0.0538198207676,5.0
0.101343453925,0.053229785124,1.0
0.0637719215949,0.307490272334,2.0
0.994816132123,0.977748966734,3.0
0.11399168537,0.8705012746,4.0
0.934022798812,0.1457413117,5.0
0.0309694134678,0.0960336601811,1.0
0.0367722788881,0.241786693556,2.0
0.858396264864,0.882278639562,3.0
0.0232054714935,0.943850808461,4.0
0.904378156093,0.00668861009692,5.0
0.0722183597787,0.0483393117059,1.0
0.0711468826024,0.266477088134,2.0
0.958119587344,0.900127841407,3.0
0.0602834612633,0.969050672791,4.0
0.9152644359,0.110351230247,5.0
0.0763887151415,0.086349331717,1.0
0.105159772083,0.242885172676,2.0
0.912511468977,0.923288233992,3.0
0.0788358382951,0.911875711725,4.0
0.928366744568,0.0512175696758,5.0
0.0186308718619,0.105519824162,1.0
0.0709634333365,0.21184764233,2.0
0.885561198167,0.858930258562,3.0
0.0274313396621,0.951336258691,4.0
0.925341060188,0.0684017650445,5.0
0.0772203823252,0.109584995394,1.0
0.11206103024,0.215372342577,2.0
0.939904855499,0.896600402493,3.0
0.111213964919,0.945888270868,4.0
0.91579218147,0.0818092937792,5.0
0.0487264169373,0.0501541751364,1.0
0.105317106418,0.234241320853,2.0
0.981924192037,0.891090606885,3.0
0.0767438662471,0.908091773794,4.0
0.881185970142,0.00951978090353,5.0
0.115850608245,0.00528519226787,1.0
0.0672070808207,0.22470419966,2.0
0.864530598457,0.971939981855,3.0
0.0455105208101,0.965351259871,4.0
0.868596309937,0.00576137407159,5.0
0.110898067761,0.0790455205723,1.0
0.0488851274909,0.267217011052,2.0
0.93095027288,0.915265868196,3.0
0.111489336979,0.958726253512,4.0
0.920412351653,0.0701746334889,5.0
0.0865937121916,0.0649972060142,1.0
0.0508788444602,0.290181405839,2.0
0.93800817786,0.903625992819,3.0
0.0923584231068,0.927167407093,4.0
0.932709867659,0.0601144865741,5.0
0.199830394572,0.302941919254,1.0
0.777367675592,0.83862354056,2.0
0.224360435876,0.741137698377,3.0
0.726251637524,0.250654348466,4.0
0.142206856356,0.252963103336,1.0
0.788304787785,0.749276503359,2.0
0.155985174735,0.770021328526,3.0
0.74519128181,0.257122755991,4.0
0.23108250575,0.179758790646,1.0
0.790727319556,0.813544277556,2.0
0.237879753803,0.727322326403,3.0
0.753523440408,0.187048622626,4.0
0.15583879031,0.257715213705,1.0
0.860172113451,0.768562611371,2.0
0.228985999086,0.858677105025,3.0
0.801417103473,0.207737867589,4.0
0.230003316678,0.329590032037,1.0
0.703939786683,0.70161891663,2.0
0.291721021584,0.7153032873,3.0
0.761831809416,0.298133441422,4.0
0.278071870929,0.286915133904,1.0
0.778079271937,0.771082169603,2.0
0.25391757027,0.86501405802,3.0
0.753390271762,0.271122482128,4.0
0.00875836848745,0.28682800348,1.0
0.688097511153,0.969287146127,2.0
0.213518911617,0.701327703849,3.0
0.810579860168,0.423078539625,4.0
0.263060124337,0.331928039163,1.0
0.820505763805,0.745265659821,2.0
0.270325601661,0.828346762636,3.0
0.716798346648,0.33454133501,4.0
0.368257968807,0.0,1.0
0.995686138014,0.901170092078,2.0
0.00183065625934,0.805832428102,3.0
0.918478564838,0.418639027555,4.0
0.183387958871,0.247566839481,1.0
0.70450594465,0.705861651893,2.0
0.204366987511,1.0,3.0
0.98796262105,0.356922060136,4.0
0.272781293429,0.0348244447574,1.0
0.799249386838,0.896133605847,2.0
0.390582229365,0.697183626281,3.0
0.74402803304,0.0165243267614,4.0
0.339981104967,0.272543115494,1.0
0.877471236799,0.809017323866,2.0
0.204506319702,0.78058039313,3.0
0.958915186377,0.141128617817,4.0
0.160763189363,0.159736564342,1.0
0.816140453919,0.725298348481,2.0
0.170474379088,0.797318703697,3.0
0.723477721508,0.292565929603,4.0
0.262076491473,0.222822809488,1.0
0.872660417939,0.821987933982,2.0
0.215720194955,0.817513274576,3.0
0.799317090424,0.223873205521,4.0
0.148485753485,0.361220214695,1.0
0.954992014075,0.59947232237,2.0
0.378424277055,0.680426660969,3.0
0.83440609629,0.284858065707,4.0
0.155908858699,0.295714432722,1.0
0.82838869808,0.689814329461,2.0
0.124637532734,0.805439613508,3.0
1.0,0.375571546913,4.0
0.190389340961,0.253619204451,1.0
0.891458268706,0.781754747652,2.0
0.272253136744,0.8793604098,3.0
0.888014243241,0.273986367165,4.0
0.28118727137,0.181790852126,1.0
0.799445841132,0.755909247457,2.0
0.279418244105,0.862524371271,3.0
0.766581962019,0.194083379743,4.0
0.391303016922,0.425222478648,1.0
0.901359846962,0.664970446506,2.0
0.397803958261,0.727191507756,3.0
0.633456891491,0.323742264479,4.0
0.18699532227,0.341884910048,1.0
0.961822041106,0.902117509248,2.0
0.0986119855039,0.751948264229,3.0
0.801854149838,0.176131790358,4.0
0.399249681955,0.0157856972712,1.0
0.92810558014,0.948864404066,2.0
0.289144814798,0.871829381331,3.0
0.913359616974,0.389792799316,4.0
0.29334559045,0.189375310061,1.0
0.954213561254,0.892073348563,2.0
0.157570497436,0.85537464071,3.0
0.810304477163,0.285932759423,4.0
0.269211300816,0.324176684051,1.0
0.806596938254,0.746809582432,2.0
0.215662563513,0.838220595522,3.0
0.869823280372,0.155970429629,4.0
0.208798898696,0.236905699318,1.0
0.887461394875,0.849975254508,2.0
0.287367405437,0.821902182377,3.0
0.745448526257,0.236539811716,4.0
0.238827255267,0.32732394246,1.0
0.767799309403,0.826724164829,2.0
0.239487868199,0.788956983316,3.0
0.730668870574,0.191621383825,4.0
0.229229256411,0.260139124728,1.0
0.898229208979,0.895794210145,2.0
0.132360037591,0.78895642484,3.0
0.768112820461,0.182851764674,4.0
0.154339676906,0.184564120601,1.0
0.754234890203,0.872127679771,2.0
0.23840901758,0.797369861525,3.0
0.806550316708,0.209443170625,4.0
0.169747557568,0.217744098514,1.0
0.86814837837,0.79722996299,2.0
0.247065392702,0.830833170979,3.0
0.85598515432,0.286097579896,4.0
0.001405896771,0.274264070125,1.0
0.902120641341,0.674450186939,2.0
0.0195985038676,0.734454359344,3.0
0.790261267043,0.0655456058064,4.0
0.253455686015,0.336797046806,1.0
0.912672125608,0.987031703817,2.0
0.139591236643,0.790900487802,3.0
0.977069292211,0.4282314437,4.0
0.329394292446,0.150261064105,1.0
0.595034931613,0.903353102043,2.0
0.402192363059,0.627045121171,3.0
0.727886956241,0.430071340376,4.0
0.0943808502741,0.18175654179,1.0
0.981118311394,0.908096032896,2.0
0.399718368121,0.869998320855,3.0
0.707982750294,0.120654896873,4.0
0.178867391875,0.281368456715,1.0
0.727434497869,0.867727699795,2.0
0.126352958945,0.868627710363,3.0
0.803751523488,0.178778079475,4.0
0.206682691013,0.214288692477,1.0
0.776839950544,0.768466877344,2.0
0.236604463786,0.796867062804,3.0
0.863425730519,0.224648539289,4.0
0.0,0.312445087196,1.0
0.628136859182,0.883129697692,2.0
0.171645771832,0.829669737485,3.0
0.902995111515,0.080308974403,4.0
0.101078432326,0.182024488859,1.0
0.9617077976,0.942586300046,2.0
0.350371293726,0.729457683696,3.0
0.941036966958,0.422040174131,4.0
0.165564685626,0.195754686037,1.0
0.85851705024,0.85421861778,2.0
0.198774031424,0.87139972409,3.0
0.724411010096,0.175793350459,4.0
0.237590761303,0.257527982071,1.0
0.820199680227,0.833706625867,2.0
0.183699126886,0.788912483931,3.0
0.855120122237,0.225275756009,4.0
0.224511518565,0.218824908883,1.0
0.857718186839,0.728640619512,2.0
0.164572278587,0.854482741653,3.0
0.762360713295,0.267833278399,4.0
0.252666543591,0.297051439306,1.0
0.821139066168,0.845796379055,2.0
0.172834420259,0.79176610661,3.0
0.80792238281,0.283918914297,4.0
0.260670903933,0.301187200984,1.0
0.741511820969,0.703560110945,2.0
0.0904970778563,0.772232757158,3.0
0.81968674996,0.14822704391,4.0
0.242630941956,0.297677062088,1.0
0.783598152471,0.820982385334,2.0
0.150076226463,0.777224529678,3.0
0.818734983429,0.302884687463,4.0
0.187229748171,0.335083215249,1.0
0.721041167964,0.834499754144,2.0
0.228152372499,0.870055801779,3.0
0.771003415503,0.29539959323,4.0
0.156669616541,0.235363247437,1.0
0.825883735869,0.849396841013,2.0
0.187615802276,0.76460151808,3.0
0.884414570964,0.300441287058,4.0
0.271264998214,0.282413358657,1.0
0.732176558477,0.760872780466,2.0
0.176908204434,0.740523260234,3.0
0.754565766924,0.191819791514,4.0
0.251964569386,0.209294317868,1.0
0.878251793417,0.797889588419,2.0
0.149378054858,0.875865313008,3.0
0.784537296749,0.25389873538,4.0
0.16820197102,0.20014948105,1.0
0.773001963367,0.826705594359,2.0
0.136166038606,0.86285217941,3.0
0.813026331133,0.278393209196,4.0
0.15897135883,0.277497490857,1.0
0.866997909615,0.852684017252,2.0
0.220210452799,0.855580319476,3.0
0.818840347165,0.2494885299,4.0
0.234168221923,0.175261272872,1.0
0.767263921908,0.874710389586,2.0
0.22298246273,0.875729281339,3.0
0.714786467758,0.210543582402,4.0
0.137209602111,0.283706682623,1.0
0.767545056566,0.834498373109,2.0
0.235316740147,0.864192619069,3.0
0.863542233053,0.203877259007,4.0
0.257320350447,0.199197196341,1.0
0.927833157531,0.80510429078,2.0
0.304957189229,0.837964208876,3.0
0.905744768839,0.137199284353,4.0
0.345754757455,0.115734556225,1.0
0.923515525259,1.0,2.0
0.408474109589,0.899702003054,3.0
0.926803070896,0.187384146072,4.0
0.0,0.152305950292,1.0
0.588415109317,0.636511091855,2.0
0.00235218558091,0.682349897166,3.0
0.544491409838,0.0915318357459,4.0
0.361650899256,0.294761309219,1.0
0.891183850643,0.878539291877,2.0
0.304446200134,0.844480440483,3.0
0.957037766872,0.329431465017,4.0
0.209126639897,0.218256852874,1.0
0.902666473829,0.842361403849,2.0
0.170619472918,0.791457056276,3.0
0.777994428505,0.109673785887,4.0
0.282134782638,0.123162320067,1.0
0.969739448054,0.966250668295,2.0
0.389951402078,0.959527336509,3.0
1.0,0.242630137435,4.0
0.207011266747,0.105155130472,1.0
0.950548920334,0.802499643876,2.0
0.284538654146,0.920050944865,3.0
0.80970312151,0.12355940513,4.0
0.293267573385,0.153975399521,1.0
0.889397450677,0.921168661491,2.0
0.427336308616,0.874673721313,3.0
0.876748591336,0.119397615696,4.0
0.326511965827,0.0540651732628,1.0
0.864612645467,0.872230922025,2.0
0.282222107208,0.879347060573,3.0
0.875338048671,0.0,4.0
0.441009818093,0.134119756143,1.0
0.978032542088,0.993265272098,2.0
0.396471968873,0.876735790398,3.0
0.921587100988,0.280174315164,4.0
0.0,0.472539957444,1.0
0.614140440306,0.740596272023,2.0
0.134244903704,0.36409580974,3.0
0.826433207217,0.377386287049,4.0
0.346045741586,0.482449856671,1.0
0.842600226375,0.418275605741,2.0
0.187898607969,0.539014383717,3.0
0.765218888487,0.253474199782,4.0
0.413522875816,0.212194966999,1.0
0.918528642952,0.834892114302,2.0
0.448812280695,0.789568889269,3.0
0.823153134419,0.32104711725,4.0
0.38753750386,0.276740605491,1.0
0.654497108111,0.805419964687,2.0
0.446719492478,0.736310818563,3.0
0.854297144832,0.342077744585,4.0
0.181631665294,0.175761311526,1.0
0.685376220562,0.729766278954,2.0
0.70748564338,0.725488962919,3.0
0.874269947031,0.294756798081,4.0
0.0478499174123,0.41780699987,1.0
0.53280534196,0.360203339067,2.0
0.125565052384,0.786762167113,3.0
0.867421048396,0.054391593992,4.0
0.410624245707,0.453658513241,1.0
0.570987779702,0.561421950417,2.0
0.563489966233,0.777946745992,3.0
0.789408637023,0.274027339033,4.0
0.382883370075,0.176179100868,1.0
0.948969004976,0.710705957029,2.0
0.505549404776,0.695315024736,3.0
0.792145640158,0.176383354728,4.0
0.243277620732,0.34808461151,1.0
0.605900369635,0.954820388636,2.0
0.281383508181,0.713429060107,3.0
0.401906923178,0.303795320802,4.0
0.425722686472,0.0,1.0
0.446642418926,0.390900223088,2.0
0.187997303244,0.749654235093,3.0
0.576183486315,0.427890784708,4.0
0.238447425416,0.460092374753,1.0
0.743543323551,0.529011539523,2.0
0.536457647404,0.546299737837,3.0
0.578624845008,0.351536983691,4.0
0.304998906624,0.330953585317,1.0
0.817725631981,0.616781565577,2.0
0.529181587608,0.584898828487,3.0
0.659888892791,0.227510328172,4.0
0.267460719058,0.322369564963,1.0
0.916953098044,0.79104282345,2.0
0.197246130446,0.652538402041,3.0
0.881308719356,0.414546519435,4.0
0.416203919513,0.291476209479,1.0
0.697357476985,0.614520162878,2.0
0.285027973079,0.671451767621,3.0
0.813901287677,0.281549161765,4.0
0.0846774470822,0.583910142527,1.0
0.336132656505,1.0,2.0
0.0352442059408,0.265638899808,3.0
1.0,0.545528941134,4.0
