1,1,3
0.195708866689,0.419147462821,1.0
0.67561540127,0.223725398057,2.0
0.685483800979,0.637738267857,3.0
0.237637325036,0.455551492575,1.0
0.700173177702,0.24646663097,2.0
0.684386851817,0.657531697503,3.0
0.287198074241,0.502477042042,1.0
0.625646057658,0.251051303153,2.0
0.657248272866,0.603149097673,3.0
0.211657864034,0.425561823904,1.0
0.677575964998,0.237116817167,2.0
0.687378399189,0.67587574747,3.0
0.179418636218,0.438986710384,1.0
0.673933310331,0.255876677821,2.0
0.690072205819,0.681420225226,3.0
0.278421184246,0.599239942428,1.0
0.701846190474,0.139654458446,2.0
0.78003079933,0.671367069096,3.0
0.223410310338,0.411277116244,1.0
0.694106965534,0.214972231005,2.0
0.641676020139,0.62971305076,3.0
0.232767898713,0.430623286979,1.0
0.690323814287,0.24680931868,2.0
0.676950433333,0.665970098249,3.0
0.297577382944,0.524815902635,1.0
0.733800660929,0.236250420891,2.0
0.593597825001,0.699377340026,3.0
0.227585378317,0.442623885985,1.0
0.658436203756,0.236780964516,2.0
0.70389208718,0.651583898987,3.0
0.012099113793,0.553370238748,1.0
0.767817100501,0.127078548413,2.0
0.749619938503,0.573257308493,3.0
0.20884702144,0.471917702006,1.0
0.747003916337,0.23476999008,2.0
0.710823107774,0.765729974502,3.0
0.266671619818,0.394547601608,1.0
0.634043417128,0.26222973375,2.0
0.580474280359,0.595482510032,3.0
0.252034001528,0.501609725418,1.0
0.714843234584,0.251498880464,2.0
0.683538498197,0.648428727826,3.0
0.184677390233,0.44931449975,1.0
0.688108635448,0.236202769072,2.0
0.70832862632,0.622909764568,3.0
0.216726267161,0.448468647669,1.0
0.689968692345,0.220380739111,2.0
0.671363606639,0.674999410767,3.0
0.199607069761,0.440440128917,1.0
0.693878875148,0.203877495355,2.0
0.635977507347,0.635139142104,3.0
0.129245990333,0.425443164851,1.0
0.60350415643,0.0698489273922,2.0
0.863266835755,0.619813861176,3.0
0.197356794249,0.476630733369,1.0
0.655447263629,0.242641114377,2.0
0.646502382345,0.674113951559,3.0
0.153097693256,0.470279981156,1.0
0.651602309475,0.152603634401,2.0
0.654576863723,0.635710915134,3.0
0.201066666559,0.417790875658,1.0
0.690780530917,0.248654266665,2.0
0.649023332457,0.634234947373,3.0
0.218933639927,0.374191250236,1.0
0.690521563584,0.233990834578,2.0
0.666480506835,0.716579557591,3.0
0.240195461067,0.452744951693,1.0
0.696828316324,0.222169523228,2.0
0.662108554266,0.648691517807,3.0
0.0,0.435887162666,1.0
0.627351112437,0.624169853204,2.0
0.963405703859,0.622012190768,3.0
0.150534745397,0.358500944642,1.0
0.658695412827,0.239072393911,2.0
0.698316124799,0.642036154602,3.0
0.236428063348,0.431647281244,1.0
0.677085703254,0.263917688117,2.0
0.683094025423,0.69291356958,3.0
0.242577394189,0.440667418306,1.0
0.67661908714,0.216309211904,2.0
0.659217102706,0.654044756673,3.0
0.252216857815,0.452563748522,1.0
0.691426853981,0.197518045933,2.0
0.614029368945,0.700764413595,3.0
0.199617619887,0.415034876336,1.0
0.707975186191,0.239378241631,2.0
0.656123526098,0.609743547451,3.0
0.24226092516,0.580101587117,1.0
0.594431946611,0.255008014132,2.0
0.724311095638,0.76217965094,3.0
0.19698609024,0.405803897531,1.0
0.626517372263,0.175834874111,2.0
0.677405566355,0.67185468729,3.0
0.394040386998,0.713520637779,1.0
0.497344931518,0.226382266702,2.0
0.725096756852,0.971441961414,3.0
0.236690223877,0.452578059157,1.0
0.688798502924,0.173522076775,2.0
0.732974692794,0.575090836201,3.0
0.240790136952,0.439976079759,1.0
0.69313180341,0.21092395235,2.0
0.696214797091,0.673487160778,3.0
0.285753311236,0.318971577781,1.0
0.688143631996,0.292303140146,2.0
0.743196051147,0.597092473343,3.0
0.233314330277,0.428339960081,1.0
0.683233376891,0.226865466805,2.0
0.664298878546,0.664412695594,3.0
0.132850118024,0.582132986605,1.0
0.86402501066,0.288912942904,2.0
0.530980790555,0.775188773912,3.0
0.265965946436,0.429668252087,1.0
0.722345140381,0.299037490812,2.0
0.721003506121,0.60609412627,3.0
0.188504832822,0.473087930607,1.0
0.702792236115,0.22006862281,2.0
0.702547660084,0.676023702628,3.0
0.146561660409,0.443972360355,1.0
0.732290593339,0.29448110673,2.0
0.614621959532,0.591061694895,3.0
0.00732219574835,0.529944010186,1.0
0.527243015626,0.07100990146,2.0
0.573957108237,0.651668283855,3.0
0.193188981256,0.441790814792,1.0
0.680618016962,0.267241263662,2.0
0.67359637042,0.681933278619,3.0
0.156858819088,0.440003791538,1.0
0.611466779679,0.38058373375,2.0
0.744651328932,0.734470983367,3.0
0.194393360624,0.453631624077,1.0
0.704586565444,0.29888692193,2.0
0.694457539887,0.651828585405,3.0
0.207322965296,0.430271150974,1.0
0.699904359824,0.194685230022,2.0
0.649716313642,0.655559099114,3.0
0.226616447892,0.434315736094,1.0
0.68496749639,0.262402918593,2.0
0.671318669418,0.669714342132,3.0
0.206098351388,0.402864188791,1.0
0.658484844381,0.240638156284,2.0
0.675094831816,0.662607003005,3.0
0.199919215199,0.515127357943,1.0
0.680115954444,0.257515155177,2.0
0.654324086328,0.614626205258,3.0
0.275645965447,0.399454129109,1.0
0.700356704347,0.215867131752,2.0
0.713454824171,0.685376193443,3.0
0.24268728105,0.430759718335,1.0
0.668671037799,0.207466624584,2.0
0.69174330252,0.690674045039,3.0
0.207972506197,0.412709968271,1.0
0.751897550755,0.193943286622,2.0
0.692236452655,0.739532886063,3.0
0.246897112294,0.477762353464,1.0
0.66190465849,0.20806030113,2.0
0.716686970713,0.703180538314,3.0
0.244326330979,0.424775051505,1.0
0.679954518706,0.253872741938,2.0
0.702807609205,0.597490132232,3.0
0.190303782463,0.461429612728,1.0
0.658203272462,0.239299219373,2.0
0.730714566374,0.643523750106,3.0
0.221728040286,0.44695890821,1.0
0.689981712093,0.247065044983,2.0
0.662878862539,0.63338178585,3.0
0.259520292611,0.768142021718,1.0
0.920457370971,0.314890407857,2.0
0.758352260957,1.0,3.0
0.166484635105,0.354102739084,1.0
0.649928083034,0.238916568061,2.0
0.627561270035,0.598797268133,3.0
0.211184684684,0.427730126878,1.0
0.674830866236,0.225230241747,2.0
0.675010570275,0.671804118433,3.0
0.20603276369,0.460085320249,1.0
0.686179010781,0.24615179985,2.0
0.68864393667,0.640902618083,3.0
0.218935233466,0.439055367528,1.0
0.663129066071,0.229705272215,2.0
0.692148873178,0.653839096754,3.0
0.195948219643,0.403576623517,1.0
0.69624915396,0.262787958966,2.0
0.660579456276,0.629173451065,3.0
0.482048930319,0.295074425768,1.0
0.497318868355,0.122701532071,2.0
0.783862042773,0.922622904004,3.0
0.338268703049,0.196810940766,1.0
0.793602763347,0.275257585258,2.0
0.468007386619,0.776211654345,3.0
0.35164703871,0.418291415992,1.0
0.784635534768,0.218953918421,2.0
0.615393429228,0.663952324665,3.0
0.192485574267,0.372289031214,1.0
0.615051221097,0.164847941942,2.0
0.717550487683,0.581908765285,3.0
0.200925742738,0.457090735012,1.0
0.692508262971,0.228519238884,2.0
0.660669650482,0.658961933232,3.0
0.227027352053,0.411064551433,1.0
0.695595751385,0.244125981686,2.0
0.694817421231,0.646094308972,3.0
0.208726124156,0.465112593651,1.0
0.643844355787,0.291161474172,2.0
0.705672108477,0.653933869099,3.0
0.256977847491,0.43174524597,1.0
0.657814851673,0.162039352544,2.0
0.635600940276,0.60325686076,3.0
0.288655167524,0.482681426442,1.0
0.754069887932,0.31857351303,2.0
0.660509899945,0.6684043561,3.0
0.282979920097,0.59018970696,1.0
0.655484313177,0.119063154823,2.0
0.836004472618,0.827733576619,3.0
0.209937012753,0.449587812609,1.0
0.715771498452,0.20161308601,2.0
0.665126191804,0.659898650066,3.0
0.22245501853,0.416394596157,1.0
0.660606523407,0.206297524475,2.0
0.688139310752,0.643591953784,3.0
0.282361582408,0.453485834951,1.0
0.645153583579,0.26922958062,2.0
0.736836266938,0.675026804778,3.0
0.192708589584,0.437057990631,1.0
0.653309341801,0.223167953822,2.0
0.645788222076,0.61149406496,3.0
0.241169133278,0.486086802793,1.0
0.731436681233,0.270742072776,2.0
0.70112273815,0.717536995088,3.0
0.212102479351,0.444663416858,1.0
0.6926642197,0.217039063,2.0
0.704440731235,0.637843786608,3.0
0.169440553436,0.378159759288,1.0
0.669069274702,0.396400452708,2.0
0.635095668452,0.710706770291,3.0
0.249948407584,0.340094456793,1.0
0.707712005865,0.242993021794,2.0
0.758050868513,0.739423778656,3.0
0.215011316944,0.473204615587,1.0
0.705507609284,0.223523624174,2.0
0.665663943032,0.686384179853,3.0
0.153964267634,0.481060281089,1.0
0.605744641679,0.162832133462,2.0
0.662061222057,0.710265666197,3.0
0.20636460803,0.451835044693,1.0
0.671986839962,0.246952036235,2.0
0.686538611176,0.66510932804,3.0
0.225007942202,0.443654714789,1.0
0.671163170663,0.205548342063,2.0
0.673514381171,0.674460000031,3.0
0.231025671064,0.447215205684,1.0
0.688362994041,0.247808257086,2.0
0.696874054764,0.679676854182,3.0
0.228380568153,0.393957241948,1.0
0.691977379173,0.259262091562,2.0
0.688865117157,0.61019320437,3.0
0.283393153325,0.352746195702,1.0
0.670919400692,0.329400356951,2.0
0.738060844907,0.638165590173,3.0
0.181577115153,0.410333050876,1.0
0.702034042372,0.238487333826,2.0
0.659478761481,0.631062773501,3.0
0.205501449605,0.435245245784,1.0
0.691714078979,0.213502259865,2.0
0.702312595463,0.653619640463,3.0
0.189350732657,0.487723743191,1.0
0.663960623057,0.183378689576,2.0
0.701281535369,0.569724575437,3.0
0.211934160643,0.450828706787,1.0
0.711584304679,0.22551365779,2.0
0.677780801277,0.68931086767,3.0
0.197366593177,0.468357062257,1.0
0.687942971472,0.20501581528,2.0
0.707017622125,0.626927693437,3.0
0.183593191554,0.488428275349,1.0
0.661790616373,0.235961132957,2.0
0.711836353942,0.659407455803,3.0
0.240289377146,0.508031271403,1.0
0.720656952706,0.227950793145,2.0
0.694150096854,0.536446167983,3.0
0.215826635298,0.453187272138,1.0
0.705761136832,0.259219276923,2.0
0.665678423265,0.635783229468,3.0
0.280423716624,0.418855872458,1.0
0.767247730317,0.125866016903,2.0
0.769951092774,0.529772013373,3.0
0.20813908875,0.458116243736,1.0
0.702064080163,0.25257999974,2.0
0.696600617713,0.648083276864,3.0
0.255697052371,0.279049685031,1.0
0.701439019807,0.084240620832,2.0
0.797442962266,0.587498416682,3.0
0.220196488343,0.464488946906,1.0
0.713439690345,0.274533775981,2.0
0.712340215519,0.651218358395,3.0
0.227115699192,0.456388300873,1.0
0.69073845869,0.23184672377,2.0
0.665592442964,0.656463244932,3.0
0.159519045046,0.410893651191,1.0
0.76719662454,0.272114028378,2.0
0.765086146556,0.612625169064,3.0
0.100049069429,0.563612356778,1.0
0.710004273604,0.363099934365,2.0
0.741291042576,0.478007272834,3.0
0.349140765896,0.469629818708,1.0
0.766418003083,0.276585871528,2.0
0.692370243837,0.637994477411,3.0
0.214200590285,0.453008528515,1.0
0.681311282383,0.202624059795,2.0
0.67284840466,0.674744743616,3.0
0.282119000173,0.544659263455,1.0
0.694669964203,0.187255884867,2.0
0.802737312524,0.790990061155,3.0
0.188335639763,0.473293780626,1.0
0.66211831973,0.25106832207,2.0
0.707789507913,0.654796015937,3.0
0.203099459848,0.441476491369,1.0
0.735567662753,0.164924588582,2.0
0.663280734267,0.696021688566,3.0
0.200317022053,0.463570365139,1.0
0.679620160512,0.24282091729,2.0
0.658774512156,0.669674311832,3.0
0.223659295341,0.510100165565,1.0
0.658799303924,0.216251367466,2.0
0.701043063966,0.646223361021,3.0
0.224882196755,0.598850725073,1.0
0.730621018217,0.190252467588,2.0
0.527942494248,0.740423545919,3.0
0.213440637407,0.392429514928,1.0
0.737278025746,0.20520679203,2.0
0.720972435583,0.620848852098,3.0
0.166679711766,0.48379050831,1.0
0.649207911975,0.185425709589,2.0
0.719621020559,0.598810818236,3.0
0.209125131372,0.438803019037,1.0
0.697192156911,0.233763246677,2.0
0.679402762138,0.67218352036,3.0
0.196468906051,0.411838909264,1.0
0.696358431656,0.178562925007,2.0
0.654398540205,0.66109819208,3.0
0.200326221229,0.478009368195,1.0
0.658614081773,0.20883280269,2.0
0.674726124494,0.692728182673,3.0
0.214311756149,0.432246092599,1.0
0.678364502069,0.198685166216,2.0
0.662915352004,0.623054306408,3.0
0.413334375249,0.296976745583,1.0
0.518569506241,0.243156182873,2.0
0.586370725463,0.919227193951,3.0
0.227040844783,0.456388879606,1.0
0.699749572915,0.247340640715,2.0
0.653662968346,0.665435582148,3.0
0.127261686744,0.393031456752,1.0
0.810113514109,0.160090961894,2.0
0.657600213712,0.712846715176,3.0
0.19824025618,0.423486975818,1.0
0.67304884564,0.215708390759,2.0
0.677319864148,0.678214229249,3.0
0.271013640845,0.380123678504,1.0
0.749209978878,0.215126403813,2.0
0.67704374036,0.6972339073,3.0
0.235691029381,0.403765824675,1.0
0.714300170485,0.219911289408,2.0
0.713198550226,0.609134341105,3.0
0.181492508802,0.608617511735,1.0
0.566154831536,0.0971872178894,2.0
0.852305535856,0.477767134179,3.0
0.0221926783119,0.324761613667,1.0
0.597054513073,0.226994441679,2.0
0.75421132203,0.716958165549,3.0
0.213711815426,0.464554859706,1.0
0.666860319469,0.225454612298,2.0
0.693271162876,0.662498964048,3.0
0.191769625099,0.406114693063,1.0
0.654959930645,0.274596368985,2.0
0.651134758961,0.649884231305,3.0
0.214272919911,0.448121248488,1.0
0.696490852374,0.226683015964,2.0
0.687336353552,0.642708238452,3.0
0.208746860928,0.447828294052,1.0
0.679766462718,0.217614112343,2.0
0.685669138732,0.688432256423,3.0
0.230723673671,0.408522550013,1.0
0.695101634906,0.277524376286,2.0
0.678697278069,0.676464724694,3.0
0.265721694049,0.368191293776,1.0
0.599485513936,0.155415945561,2.0
0.665645027714,0.641156461416,3.0
0.21832591942,0.473062890465,1.0
0.663628690386,0.229745659729,2.0
0.682241885178,0.657917005587,3.0
0.207391945066,0.427179911983,1.0
0.659590084825,0.236314998377,2.0
0.685693667084,0.666109943505,3.0
0.246340898962,0.418804100105,1.0
0.703617147841,0.249390550557,2.0
0.663572231665,0.648084937812,3.0
0.229789914908,0.476612054007,1.0
0.695196466525,0.188380804592,2.0
0.707074464197,0.662217246302,3.0
0.184018722647,0.395740943548,1.0
0.725760173722,0.257913867748,2.0
0.64998018011,0.659554960185,3.0
0.255769224157,0.418640554305,1.0
0.663941007765,0.237707202206,2.0
0.717176177855,0.682267709122,3.0
0.224219123598,0.397169249912,1.0
0.749264330046,0.193679133655,2.0
0.74396548809,0.651320739222,3.0
0.216386791086,0.39670735266,1.0
0.717994763971,0.298953207606,2.0
0.641681010042,0.61941794825,3.0
0.194355663431,0.485571583644,1.0
0.669605861158,0.223912801673,2.0
0.706503259569,0.668465674118,3.0
0.23457502515,0.485546424408,1.0
0.718207230916,0.185698897993,2.0
0.706752112454,0.609078949466,3.0
0.203278473793,0.420180028858,1.0
0.703217809792,0.210057758442,2.0
0.675303436744,0.635840273827,3.0
0.234734307936,0.419966107064,1.0
0.692528780218,0.188945877626,2.0
0.695187624592,0.677934757646,3.0
0.22573994,0.482772240741,1.0
0.654497958207,0.227062247446,2.0
0.673844982975,0.681348169203,3.0
0.0767820391083,0.297122657676,1.0
0.51632443498,0.186539010433,2.0
0.841804748763,0.625500020725,3.0
0.161595217837,0.607316592845,1.0
0.950786276904,0.437745431705,2.0
0.57573877459,0.623502573729,3.0
0.269831748591,0.460509104663,1.0
0.598540483161,0.256228644111,2.0
0.722358814935,0.741719039758,3.0
0.213542641097,0.405300569894,1.0
0.70918561378,0.246452930612,2.0
0.696388878748,0.67090127804,3.0
0.22344233523,0.411818901943,1.0
0.655384848975,0.233276785374,2.0
0.673165698917,0.657491157497,3.0
0.230233485403,0.426713444399,1.0
0.688337474643,0.23412740685,2.0
0.700244084899,0.64444736229,3.0
0.233936733303,0.443969940176,1.0
0.662432244782,0.245213714535,2.0
0.70368164123,0.652505686054,3.0
0.227704212093,0.451381049114,1.0
0.738604569804,0.227340737417,2.0
0.667246859585,0.684469147558,3.0
0.258691163483,0.492715019108,1.0
0.703001402342,0.168028448548,2.0
0.726383213585,0.705856275499,3.0
0.210421595561,0.432936731044,1.0
0.698602923315,0.245308684695,2.0
0.684065393099,0.682255937961,3.0
0.286335385803,0.351689812776,1.0
0.706179835425,0.164307471383,2.0
0.607869884728,0.698932873887,3.0
0.205685375307,0.452474291452,1.0
0.699362060033,0.252099703056,2.0
0.676868549842,0.665548667519,3.0
0.222438593754,0.446333358951,1.0
0.673354346825,0.245504688209,2.0
0.656957853802,0.680103585572,3.0
0.173485969224,0.482273628187,1.0
0.557201550977,0.218346805898,2.0
0.757649098264,0.802736654594,3.0
0.222877664473,0.450218770575,1.0
0.667295975333,0.207563554446,2.0
0.666742441421,0.642555086556,3.0
0.231835181722,0.425657750399,1.0
0.67428860598,0.25390198869,2.0
0.691086028902,0.64474100676,3.0
0.192664562559,0.412734200129,1.0
0.683429377603,0.23399060018,2.0
0.664055284157,0.671881287526,3.0
0.245251034496,0.446882975393,1.0
0.70859816754,0.202103783659,2.0
0.707611014805,0.628740510455,3.0
0.237167978231,0.440277537438,1.0
0.654203377236,0.238462276549,2.0
0.666521869165,0.677260723843,3.0
0.083485153406,0.26249953387,1.0
0.615905036496,0.0669732665524,2.0
0.751296310298,0.790272832067,3.0
0.23378901587,0.482105270527,1.0
0.665559612573,0.255420983852,2.0
0.644345861102,0.672044436911,3.0
0.2144073802,0.438568227996,1.0
0.678886112415,0.23135306492,2.0
0.665345979568,0.664345676708,3.0
0.299181029825,0.374457121077,1.0
0.740690540986,0.234176000874,2.0
0.811838226367,0.655362872705,3.0
0.232156289428,0.473376126514,1.0
0.691578007596,0.249032614633,2.0
0.665804273122,0.662030690602,3.0
0.236935744302,0.407640162943,1.0
0.69485377449,0.191182994208,2.0
0.703416195528,0.611310507589,3.0
0.248542309269,0.415458247157,1.0
0.65039889201,0.24534388294,2.0
0.677672878262,0.662658811706,3.0
0.210980187561,0.406464541276,1.0
0.728120996306,0.281090820747,2.0
0.642813633205,0.695328514298,3.0
0.234952809767,0.453531419616,1.0
0.691563988852,0.251449992426,2.0
0.665981982455,0.677949128823,3.0
0.277460634891,0.619861826805,1.0
0.45858636236,0.154405419597,2.0
0.602697247764,0.673152880712,3.0
0.268438648948,0.498884898342,1.0
0.678113157008,0.219498491623,2.0
0.692565284278,0.707045439818,3.0
0.210777844345,0.478410810945,1.0
0.705906811026,0.214006177604,2.0
0.683688362743,0.691537737665,3.0
0.228420696203,0.445798355805,1.0
0.666304026572,0.249113618894,2.0
0.670579861299,0.648665773769,3.0
0.247112772829,0.385045010257,1.0
0.657795303452,0.244672643813,2.0
0.639351638981,0.690846895623,3.0
0.235565143543,0.449675208188,1.0
0.666527925291,0.229636592176,2.0
0.677914870081,0.642300799962,3.0
0.193915812728,0.467497481225,1.0
0.658420346574,0.214585338141,2.0
0.684985358353,0.647626866644,3.0
0.230682977674,0.450507770107,1.0
0.665555078476,0.235914235721,2.0
0.671202254331,0.644170271605,3.0
0.198179184168,0.482414208858,1.0
0.624449733631,0.159757242282,2.0
0.677130244504,0.710770028045,3.0
0.31970632373,0.464917621622,1.0
0.667988681335,0.261658985099,2.0
0.608592132884,0.708494300792,3.0
0.232264437435,0.469726486628,1.0
0.659764234095,0.22963383045,2.0
0.704551875109,0.69537373021,3.0
0.217283087536,0.478321227801,1.0
0.662247468463,0.253883657759,2.0
0.702521574945,0.638600129569,3.0
0.253938160482,0.423424463371,1.0
0.712514726857,0.227666472984,2.0
0.640278228695,0.599297690594,3.0
0.214443545793,0.533875363594,1.0
0.778079115349,0.232532060076,2.0
0.648337131549,0.5777770026,3.0
0.318899431631,0.322138473216,1.0
0.579963358389,0.186268412491,2.0
0.664441374168,0.738764609257,3.0
0.208738062077,0.448295331814,1.0
0.682760169834,0.218467676584,2.0
0.67865096491,0.64502070645,3.0
0.282018367447,0.509437986638,1.0
0.563495900302,0.322575020862,2.0
0.79311292833,0.605846829679,3.0
0.0448056020125,0.510726229832,1.0
0.520219686628,0.0465864908945,2.0
0.772694406799,0.830146250248,3.0
0.231791461439,0.450261242744,1.0
0.698670303434,0.246314286939,2.0
0.668144298471,0.630665919329,3.0
0.224924197149,0.53340528832,1.0
0.660633903667,0.268612987059,2.0
0.777296984887,0.764241715921,3.0
0.258118561776,0.476638300583,1.0
0.652500292365,0.220307419064,2.0
0.653765576976,0.59931669237,3.0
0.337127067087,0.37497695209,1.0
0.769409222216,0.281973422829,2.0
0.774983540389,0.591863608926,3.0
0.268410148583,0.397898704462,1.0
0.721656151018,0.237842831392,2.0
0.618650530987,0.692161432802,3.0
0.197920349718,0.41518574844,1.0
0.654165959033,0.206170128941,2.0
0.669190202247,0.697165495322,3.0
0.183787021457,0.412218589774,1.0
0.677687558064,0.229088945918,2.0
0.714260703931,0.615902959989,3.0
0.22888918331,0.42946988372,1.0
0.684697633203,0.242174403052,2.0
0.682404193549,0.662047053289,3.0
0.205690782813,0.45659233154,1.0
0.688310078741,0.21332871201,2.0
0.668198302674,0.644922898098,3.0
0.204990731143,0.447745312878,1.0
0.72190339647,0.249918762268,2.0
0.690319302099,0.654244945723,3.0
0.174140485044,0.428058277243,1.0
0.582880336968,0.247583159037,2.0
0.726256169814,0.662917801327,3.0
0.150077158726,0.622030689724,1.0
0.695813112615,0.140217294009,2.0
0.773185366942,0.660494605022,3.0
0.245610630738,0.46905321128,1.0
0.690592787507,0.191956440818,2.0
0.652141308933,0.603922933559,3.0
0.246719607527,0.474425333371,1.0
0.692872212065,0.229634469888,2.0
0.680331394927,0.656828503484,3.0
0.167916345444,0.399468503698,1.0
0.723689455174,0.203903533209,2.0
0.70069811801,0.598358113796,3.0
0.14337973085,0.467933532478,1.0
0.644486693517,0.227307740663,2.0
0.677697206278,0.742658161402,3.0
0.220291118564,0.411539324507,1.0
0.693077452313,0.257119520658,2.0
0.700658736861,0.636014837205,3.0
0.277518421287,0.444283525137,1.0
0.703160946306,0.295700038798,2.0
0.703702514806,0.614278293656,3.0
0.211463260305,0.343086399471,1.0
0.727188043899,0.240410114539,2.0
0.584090101647,0.550785822722,3.0
0.252033264363,0.424401688882,1.0
0.696777080563,0.203953173886,2.0
0.700018424307,0.68078182678,3.0
0.165641540157,0.450970295845,1.0
0.667905057964,0.269768502628,2.0
0.664458117713,0.677876331166,3.0
0.272701658782,0.419628777649,1.0
0.627140979191,0.410844674115,2.0
0.7314696705,0.794843130015,3.0
0.279716947252,0.377549044297,1.0
0.677638486035,0.175324038931,2.0
0.600441271853,0.591178776836,3.0
0.225783993754,0.461984905944,1.0
0.668719245345,0.239412155653,2.0
0.667113395635,0.66175441519,3.0
0.197099899117,0.442790546554,1.0
0.664652102854,0.2232745355,2.0
0.701272476402,0.666009714531,3.0
0.224341239352,0.441928454032,1.0
0.700423743768,0.255216184176,2.0
0.698341978866,0.669194727795,3.0
0.230424785478,0.465281873084,1.0
0.675263259078,0.244443102878,2.0
0.680298430964,0.634519040935,3.0
0.225121740221,0.433498979829,1.0
0.672532797288,0.22489789913,2.0
0.700666132596,0.643711876762,3.0
0.206506006835,0.456466952734,1.0
0.642054772641,0.205503012598,2.0
0.664056179705,0.636030446513,3.0
0.147932162981,0.643691011763,1.0
0.559008045968,0.25921375262,2.0
0.567777366774,0.524412199087,3.0
0.166954637039,0.467802127838,1.0
0.667935164323,0.265546099828,2.0
0.670134447892,0.700391424074,3.0
0.237547040384,0.46828162774,1.0
0.700734854776,0.217829579415,2.0
0.68444692616,0.660122426362,3.0
0.185871880649,0.445547305999,1.0
0.717079590478,0.193282825457,2.0
0.71284780305,0.667032301259,3.0
0.397812707745,0.272997209083,1.0
0.8934076684,0.449357226688,2.0
0.538506282877,0.86383820063,3.0
0.247998594846,0.478205396313,1.0
0.731867614539,0.289120078818,2.0
0.664994927339,0.597803945557,3.0
0.263817537194,0.474682138881,1.0
0.689518279167,0.259081962008,2.0
0.666862753201,0.641683030694,3.0
0.195314058731,0.444020882914,1.0
0.690175865811,0.264027512101,2.0
0.696765126449,0.61708636369,3.0
0.206601452869,0.432420672075,1.0
0.689215247614,0.225883231936,2.0
0.677317699867,0.644221231185,3.0
0.217335572717,0.416571399351,1.0
0.65670510722,0.211635635446,2.0
0.652500555899,0.678672202706,3.0
0.284041432917,0.407922908913,1.0
0.700926300789,0.2041714054,2.0
0.678669822856,0.692574062782,3.0
0.218876249422,0.41209822431,1.0
0.707403981044,0.214981416511,2.0
0.690746492235,0.636133520084,3.0
0.206911091988,0.430672801403,1.0
0.692735111756,0.23407752171,2.0
0.693557312692,0.666992950501,3.0
0.200031718817,0.37243197839,1.0
0.662994135188,0.17968875219,2.0
0.632772150438,0.70005899773,3.0
0.207203648359,0.437098499864,1.0
0.680314576887,0.233327326502,2.0
0.675262259801,0.649860805476,3.0
0.216620166851,0.243229313363,1.0
0.724684545999,0.314241936428,2.0
0.627030454077,0.692250693166,3.0
0.208943359521,0.446176431912,1.0
0.66862994553,0.199860146903,2.0
0.654291083332,0.631154004789,3.0
0.180174982509,0.416007764852,1.0
0.720283803567,0.215298716122,2.0
0.664172268025,0.669178447375,3.0
0.241643751811,0.412362067522,1.0
0.718646273923,0.219927671444,2.0
0.734186591452,0.614483440909,3.0
0.195595976381,0.430879956533,1.0
0.714827934558,0.257776239856,2.0
0.713683915243,0.609150697783,3.0
0.205637189185,0.468060053385,1.0
0.692989852107,0.232070594383,2.0
0.674539541298,0.657517450117,3.0
0.255612447862,0.395160055487,1.0
0.656035390456,0.250072049387,2.0
0.713407517697,0.621103238963,3.0
0.259256101914,0.457061110432,1.0
0.712462000744,0.222900042395,2.0
0.686117966935,0.632366699737,3.0
0.196266661706,0.422340087366,1.0
0.659376672189,0.227740143739,2.0
0.676077373667,0.63345485619,3.0
0.29979804228,0.387754687321,1.0
0.696446570388,0.259307416661,2.0
0.70249973074,0.741013992525,3.0
0.152258512529,0.48130551842,1.0
0.630600015514,0.205128622931,2.0
0.698509483853,0.666564988617,3.0
0.283055748199,0.453478528913,1.0
0.676085591217,0.275123117098,2.0
0.675298991363,0.681442106764,3.0
0.200187498175,0.47357358453,1.0
0.684378879006,0.265240334292,2.0
0.70439513275,0.635991493284,3.0
0.222786495648,0.428147847469,1.0
0.70015796352,0.241483627596,2.0
0.688468307118,0.677042927947,3.0
0.224256774652,0.473147005886,1.0
0.660466711613,0.248130581241,2.0
0.674926020234,0.639620766613,3.0
0.207001560094,0.437682064241,1.0
0.661740946048,0.215311882747,2.0
0.670547446345,0.651985455588,3.0
0.253602840994,0.467730682105,1.0
0.641256393263,0.193970316827,2.0
0.688549304729,0.649164458096,3.0
0.232359594103,0.455706768901,1.0
0.670918719622,0.213267968458,2.0
0.69652864297,0.650061846465,3.0
0.217141153132,0.399650583195,1.0
0.663851514619,0.261575177387,2.0
0.695914818635,0.619457404387,3.0
0.202547416727,0.47213290918,1.0
0.663239540531,0.232556586916,2.0
0.682703148308,0.647531447351,3.0
0.209199682594,0.449234329893,1.0
0.697303072939,0.248873302113,2.0
0.674386845093,0.675137801842,3.0
0.170657996713,0.458052465156,1.0
0.65409677884,0.305147956462,2.0
0.62404548673,0.729915460079,3.0
0.223805234853,0.441567391653,1.0
0.656958522008,0.250808709468,2.0
0.653838358423,0.634622778349,3.0
0.227070562271,0.426691476834,1.0
0.696372299288,0.254956686162,2.0
0.690396542457,0.649374639086,3.0
0.237804713471,0.437139918146,1.0
0.696753171214,0.230597687385,2.0
0.663972746417,0.628687401715,3.0
0.214101924256,0.452587876747,1.0
0.702856047015,0.232751926996,2.0
0.680515315829,0.654037593058,3.0
0.269326472267,0.360868364743,1.0
0.742112444059,0.170792305672,2.0
0.70605275892,0.63481098959,3.0
0.220999305705,0.451375512688,1.0
0.716603585038,0.257200899582,2.0
0.695819919823,0.675785365516,3.0
0.0706465272217,0.550004451279,1.0
0.78685166037,0.105138442424,2.0
0.822712369776,0.53097159969,3.0
0.212006136013,0.479123682794,1.0
0.71441738714,0.266975306942,2.0
0.718473407392,0.674883741411,3.0
0.186137111439,0.461664157839,1.0
0.631463805326,0.106778548091,2.0
0.651510281376,0.587976260581,3.0
0.245141669263,0.40614039841,1.0
0.674063390258,0.246368842047,2.0
0.687241415565,0.720423254988,3.0
0.225377999113,0.471120930869,1.0
0.71227609997,0.279175701195,2.0
0.673428835995,0.627153194187,3.0
0.22162431022,0.462971500328,1.0
0.683845018582,0.216726325911,2.0
0.696463105163,0.653496605944,3.0
0.21119989609,0.357468537614,1.0
0.706757539929,0.16386047104,2.0
0.632804331639,0.620988602119,3.0
0.251028995051,0.457939043985,1.0
0.688813965263,0.204732684267,2.0
0.68123571269,0.678983342582,3.0
0.241391063318,0.489921287648,1.0
0.664315647542,0.262374752209,2.0
0.659205307018,0.675965510267,3.0
0.284359344261,0.464296743177,1.0
0.767878048767,0.136309933815,2.0
0.635404912988,0.568347433648,3.0
0.23222346957,0.42914304515,1.0
0.667915038481,0.2329772717,2.0
0.685331438015,0.641439608565,3.0
0.357538325922,0.424971349901,1.0
0.700800706514,0.263642872867,2.0
0.660272680956,0.747044805914,3.0
0.150693486167,0.4319626841,1.0
0.729751058887,0.173524546757,2.0
0.737889535647,0.633004577358,3.0
0.2373527272,0.449044910073,1.0
0.691003112716,0.236977765457,2.0
0.681645190936,0.675164681456,3.0
0.187273164535,0.516563187731,1.0
0.64480863898,0.23044387769,2.0
0.641977332907,0.636647045506,3.0
0.33040612548,0.512702418234,1.0
0.658582040058,0.317334115516,2.0
0.660211585205,0.726960525637,3.0
0.270298386346,0.56660240851,1.0
0.80408358637,0.113314263927,2.0
0.691286962367,0.6346751632,3.0
0.224424107984,0.440995047407,1.0
0.696855513168,0.236007335143,2.0
0.673077629721,0.670205831117,3.0
0.198079457429,0.448770241864,1.0
0.627300706883,0.19078905762,2.0
0.63346744861,0.63991626868,3.0
0.206242825394,0.415305340213,1.0
0.688022046455,0.352725853956,2.0
0.727178286031,0.704521065075,3.0
0.246751234809,0.418681213216,1.0
0.664934795903,0.2128575018,2.0
0.662063421486,0.661479069961,3.0
0.29477191488,0.464221139983,1.0
0.763636738554,0.139609497554,2.0
0.708996920966,0.713759753114,3.0
0.365119308965,0.468816367864,1.0
0.833852601468,0.163966526027,2.0
0.558640692447,0.655202727122,3.0
0.204593259614,0.469917687086,1.0
0.700066577943,0.258972252063,2.0
0.693605142975,0.681883470326,3.0
0.200028990612,0.448335755216,1.0
0.667848831117,0.226831666958,2.0
0.700760511408,0.659105346229,3.0
0.204457737134,0.453985243341,1.0
0.695811277185,0.202121466737,2.0
0.687841194029,0.632512777053,3.0
0.269045435246,0.464075601988,1.0
0.659977838595,0.27883057721,2.0
0.698829891046,0.6732536104,3.0
0.240082476543,0.453169252401,1.0
0.693565443309,0.245152107364,2.0
0.682451084486,0.676841305802,3.0
0.166169704659,0.447439803855,1.0
0.697773689232,0.173995572935,2.0
0.722787468462,0.692244862921,3.0
0.14539159518,0.541392878242,1.0
0.76110571929,0.197225695795,2.0
0.730860593118,0.788127237859,3.0
0.207393142618,0.432989965574,1.0
0.693943713533,0.259323660635,2.0
0.692199333437,0.63542587853,3.0
0.225104463228,0.46293895246,1.0
0.689023357542,0.215315500856,2.0
0.696836817168,0.652269186093,3.0
0.255615260647,0.451445733231,1.0
0.663912531234,0.242479478949,2.0
0.672594940552,0.674122229581,3.0
0.312054646682,0.583773427678,1.0
0.685677498171,0.280858410788,2.0
0.609214560822,0.614974233467,3.0
0.213833903073,0.392586659206,1.0
0.703286174941,0.24903895069,2.0
0.6385978484,0.686967760011,3.0
0.230983088315,0.447570602286,1.0
0.691569984482,0.2180861777,2.0
0.668317855667,0.674228518733,3.0
0.156343398662,0.252077660128,1.0
0.689413976082,0.1961177594,2.0
0.492744835059,0.575907066182,3.0
0.229159686369,0.448618856281,1.0
0.700094747231,0.234199134487,2.0
0.680340136466,0.658158276775,3.0
0.21128523935,0.451195693028,1.0
0.685674492999,0.234506208607,2.0
0.633778917924,0.651030873199,3.0
0.326710621543,0.576146676837,1.0
0.777581164053,0.23653183118,2.0
0.613802575194,0.575632375838,3.0
0.212079200027,0.468170356522,1.0
0.65147811534,0.221026969686,2.0
0.655440697622,0.679111740034,3.0
0.254078680548,0.42756908487,1.0
0.69875898757,0.24239602098,2.0
0.657505113354,0.697255806254,3.0
0.211573283134,0.429389826543,1.0
0.669051154694,0.228080017836,2.0
0.65164766047,0.689137129892,3.0
0.211204797481,0.458897694429,1.0
0.67496413638,0.232041694366,2.0
0.671871228483,0.675754524232,3.0
0.337019857338,0.397368123666,1.0
0.868811868747,0.0691651316665,2.0
0.483910832883,0.516070909489,3.0
0.452314794875,0.760932772965,1.0
0.899800318474,0.0748212273908,2.0
0.865123306654,0.577019398691,3.0
0.249920211018,0.394569494889,1.0
0.680338211219,0.178506141138,2.0
0.683599254379,0.652578155876,3.0
0.22544630545,0.428517159092,1.0
0.68617357147,0.241797534383,2.0
0.67586378699,0.664172466596,3.0
0.232600720856,0.457728375649,1.0
0.694808027951,0.239643117892,2.0
0.685160962895,0.669273788099,3.0
0.212438870514,0.434249795195,1.0
0.685171426639,0.25363070495,2.0
0.694148331199,0.652837486871,3.0
0.223013457736,0.466854667153,1.0
0.650025074222,0.207080808517,2.0
0.650798038329,0.655907709534,3.0
0.253090908496,0.473300977499,1.0
0.704116109718,0.246039020176,2.0
0.666779494466,0.677675599926,3.0
0.208991767046,0.444813925232,1.0
0.718279892666,0.228335920889,2.0
0.688859908694,0.621865176506,3.0
0.206799718719,0.436563780781,1.0
0.670488991559,0.232485883687,2.0
0.701775158349,0.652133115145,3.0
0.251208212555,0.472322058066,1.0
0.692371197591,0.261178055675,2.0
0.699187891968,0.691147551301,3.0
0.200138066016,0.368310741651,1.0
0.701234400383,0.205215567545,2.0
0.772703910016,0.767904880405,3.0
0.0356944770805,0.214061911611,1.0
0.839146535079,0.375411053126,2.0
0.601556544295,0.446770033922,3.0
0.218309848233,0.457410179297,1.0
0.698367234146,0.220645257758,2.0
0.696689735178,0.669605921058,3.0
0.160120278834,0.409070327209,1.0
0.594333557729,0.141607528973,2.0
0.642739838819,0.594421316911,3.0
0.122997748719,0.326353290435,1.0
0.862635307982,0.29206880465,2.0
0.557584779845,0.734802261624,3.0
0.213268215011,0.439517874716,1.0
0.689364004669,0.216292966314,2.0
0.650620872164,0.660244892494,3.0
0.221194957774,0.436537512417,1.0
0.704926866076,0.249475518743,2.0
0.680981201105,0.67271469988,3.0
0.192759561737,0.396767050126,1.0
0.67802755577,0.212318139579,2.0
0.656486568611,0.647827899848,3.0
0.491780363074,0.286727930272,1.0
0.676085533336,0.421072593485,2.0
0.845392508247,0.961934137759,3.0
0.244859521583,0.411850802418,1.0
0.664677816397,0.273672024374,2.0
0.687102630176,0.715451707525,3.0
0.24487485781,0.549528133454,1.0
0.647525115429,0.342951802819,2.0
0.673861526534,0.707828962434,3.0
0.235665723274,0.405639718095,1.0
0.698577976348,0.219401621744,2.0
0.668172951356,0.684814007293,3.0
0.232093707666,0.453403063412,1.0
0.671352228866,0.240609234036,2.0
0.688239309303,0.654539907361,3.0
0.410670069486,0.495026175764,1.0
0.731227727964,0.0306996131369,2.0
0.767521099328,0.569544346917,3.0
0.174163919747,0.562751876222,1.0
0.821218831639,0.361226761807,2.0
0.742965104421,0.805402847259,3.0
0.218566239645,0.433146845942,1.0
0.699860208074,0.189610310774,2.0
0.680483083748,0.681448920658,3.0
0.221294306159,0.449745667705,1.0
0.702264759281,0.222879388365,2.0
0.695598782915,0.682894955084,3.0
0.230311760295,0.451312758678,1.0
0.672155839777,0.242730604958,2.0
0.642857768748,0.656992510366,3.0
0.222159912435,0.434452900397,1.0
0.690837035929,0.222075238493,2.0
0.66164370608,0.686472009164,3.0
0.242901820992,0.464256175932,1.0
0.637222812534,0.229842366648,2.0
0.652076808423,0.638952392957,3.0
0.243330764552,0.443544996996,1.0
0.696912057315,0.233030595664,2.0
0.687379731522,0.645564257487,3.0
0.199653842229,0.389056677015,1.0
0.646075280289,0.302010292091,2.0
0.634575329481,0.629586868262,3.0
0.24005752302,0.426412162274,1.0
0.691663134841,0.215617606317,2.0
0.675433702936,0.697897267481,3.0
0.270238290974,0.355911269861,1.0
0.599895885357,0.284843212696,2.0
0.752425946002,0.6342849696,3.0
0.222792668597,0.428643902181,1.0
0.695747700527,0.21237362461,2.0
0.668925980444,0.676640972485,3.0
0.206260626701,0.460573919834,1.0
0.693729031326,0.213987070773,2.0
0.70149579644,0.661571207134,3.0
0.0763573101639,0.507332968144,1.0
0.92525051706,0.636469502977,2.0
0.530517817873,0.674016528795,3.0
0.215190109785,0.430898901841,1.0
0.643591188129,0.224207028044,2.0
0.660864292346,0.678007958319,3.0
0.240450573424,0.458394177264,1.0
0.662504976893,0.261016568583,2.0
0.656690060296,0.677177694584,3.0
0.220973013985,0.459547715566,1.0
0.677851448793,0.196469960197,2.0
0.701620345104,0.659243805245,3.0
0.153211791495,0.516958174735,1.0
0.781811744713,0.242545413228,2.0
0.604386088624,0.807061209824,3.0
0.236801346788,0.443973691549,1.0
0.681286392544,0.222430678409,2.0
0.689678617039,0.665348957084,3.0
0.250313519427,0.431945511833,1.0
0.677752821151,0.25287870057,2.0
0.666379167746,0.635049376775,3.0
0.264313961307,0.433894184747,1.0
0.570338779244,0.284799030105,2.0
0.722688071454,0.68429178519,3.0
0.20916243343,0.459902002887,1.0
0.683333248007,0.226204260769,2.0
0.694801562971,0.647444802951,3.0
0.253035869438,0.480037486792,1.0
0.752556379454,0.238990607971,2.0
0.730448611056,0.63039029309,3.0
0.243650699708,0.475004036253,1.0
0.654974571624,0.260236921878,2.0
0.681340781986,0.652441152137,3.0
0.211131280325,0.4496660403,1.0
0.646066892761,0.222352863623,2.0
0.691988754458,0.678628555096,3.0
0.217373146461,0.440728561333,1.0
0.697319881253,0.237591928496,2.0
0.668524085325,0.647083252775,3.0
0.189681166676,0.508094033078,1.0
0.617439863908,0.2701657994,2.0
0.693051259853,0.615131381809,3.0
0.216771293471,0.467049086508,1.0
0.682228652836,0.229381550219,2.0
0.674143814912,0.679987774642,3.0
0.23232946796,0.424064937575,1.0
0.680473266234,0.223820135345,2.0
0.688211102974,0.674062660145,3.0
0.224088693694,0.463276097876,1.0
0.671309040433,0.230912632001,2.0
0.675093515348,0.651551516667,3.0
0.163155348399,0.461148078303,1.0
0.568817568852,0.230376962683,2.0
0.657940882068,0.550083594838,3.0
0.217083080713,0.414579137402,1.0
0.687404248322,0.207046254702,2.0
0.672614716942,0.666253086709,3.0
0.211130774785,0.419166208635,1.0
0.661635742491,0.246250764121,2.0
0.668909377979,0.638760596421,3.0
0.205358322978,0.440511085128,1.0
0.699000894991,0.245397668707,2.0
0.694893477998,0.664265801619,3.0
0.244551677631,0.508487858703,1.0
0.701230351136,0.279503262989,2.0
0.665536445489,0.697161676438,3.0
0.212922911967,0.443971075006,1.0
0.666106445635,0.232428200748,2.0
0.667531684823,0.680001567174,3.0
0.302777812544,0.626598791076,1.0
0.673856314135,0.185689608648,2.0
0.699395058762,0.645418999758,3.0
0.197269972736,0.427784451386,1.0
0.665300054234,0.203458307867,2.0
0.658969094648,0.682104980362,3.0
0.21130853577,0.474766654171,1.0
0.647297741838,0.225140988856,2.0
0.684694571777,0.634641405811,3.0
0.193782982588,0.424330977222,1.0
0.662772611661,0.200844879751,2.0
0.710037694559,0.666479211907,3.0
0.247422180013,0.470351838114,1.0
0.704228767373,0.204192255521,2.0
0.650557075632,0.614296538027,3.0
0.242162128692,0.452183996012,1.0
0.736221684074,0.268334037006,2.0
0.7251026992,0.710456218532,3.0
0.197927364787,0.433807885016,1.0
0.679129999667,0.259184551783,2.0
0.704520446602,0.642129927524,3.0
0.227082365402,0.456088204029,1.0
0.683483385409,0.223620361475,2.0
0.681562037867,0.646549398059,3.0
0.394740181117,0.603452426826,1.0
0.712688514274,0.408192743847,2.0
0.850127009665,0.560503877157,3.0
0.213136010195,0.431083300804,1.0
0.692863211937,0.231145175124,2.0
0.678896934513,0.652160732179,3.0
0.226733094351,0.403086067656,1.0
0.652644771421,0.265612405354,2.0
0.643242403435,0.676846296965,3.0
0.230746686686,0.415320709334,1.0
0.799759325856,0.193909266225,2.0
0.658093056937,0.692205971457,3.0
0.193263897415,0.430043294745,1.0
0.648632690926,0.209503573107,2.0
0.657159016681,0.6809672963,3.0
0.230453208276,0.47308489143,1.0
0.694878436815,0.256766007001,2.0
0.667552002034,0.663432374446,3.0
0.250927766819,0.435949545058,1.0
0.697386359053,0.248276217,2.0
0.699721194427,0.66922722635,3.0
0.331535848841,0.594501883278,1.0
0.759704114026,0.376972695416,2.0
0.622430498785,0.612563519321,3.0
0.238571545049,0.505875033136,1.0
0.693910991735,0.130541330894,2.0
0.732816997578,0.678228781947,3.0
0.226675300797,0.452857373734,1.0
0.68702014921,0.253276313911,2.0
0.668316014286,0.665125889289,3.0
0.195635922942,0.456028079474,1.0
0.692398812971,0.249259397719,2.0
0.672825945798,0.661797448424,3.0
0.258522639705,0.550083098675,1.0
0.698642004271,0.339511917367,2.0
0.689124237967,0.827803664642,3.0
0.228237459017,0.477944902897,1.0
0.666528841937,0.225974004387,2.0
0.683885124228,0.69177956924,3.0
0.273995816885,0.406244474247,1.0
0.741727986203,0.153928374868,2.0
0.668940797264,0.635813780396,3.0
0.17215910829,0.360921806168,1.0
0.607396040533,0.25179112573,2.0
0.693475005489,0.59045736716,3.0
0.189806627557,0.462288284174,1.0
0.695727910291,0.194639508024,2.0
0.64898269527,0.657467128775,3.0
0.198904459298,0.50036708203,1.0
0.678173512785,0.190046072463,2.0
0.715110108733,0.587256071233,3.0
0.287093160721,0.431724797699,1.0
0.705387803327,0.214717102463,2.0
0.730705727828,0.72176952327,3.0
0.228620914159,0.428958961117,1.0
0.678180577376,0.208778240734,2.0
0.675977886799,0.628908347669,3.0
0.310175648052,0.555448728289,1.0
0.787175924489,0.36043864864,2.0
0.736062454052,0.737323653097,3.0
0.208150029265,0.425840269034,1.0
0.670213139978,0.245768383718,2.0
0.689503049844,0.650828291955,3.0
0.21718967491,0.445742411767,1.0
0.676260236463,0.218952638529,2.0
0.67731235242,0.678934819808,3.0
0.144998811508,0.371498274848,1.0
0.637940903829,0.266422610253,2.0
0.578435279304,0.60985214048,3.0
0.265947666039,0.437880738028,1.0
0.678580023011,0.218625989,2.0
0.681950479381,0.666840681242,3.0
0.206975330007,0.434138151611,1.0
0.691744397566,0.243928937471,2.0
0.680057026605,0.650083989552,3.0
0.208135276797,0.461193362792,1.0
0.653111653486,0.245180793696,2.0
0.675554113351,0.679655684738,3.0
0.266278131659,0.32800509023,1.0
0.768602611847,0.139007339042,2.0
0.584624883361,0.685236509093,3.0
0.198574373521,0.482518984609,1.0
0.70474885811,0.21096021509,2.0
0.716339846119,0.675009951584,3.0
0.393910191462,0.222856321688,1.0
0.76518318049,0.134114770042,2.0
0.564149717193,0.859544582614,3.0
0.230747475811,0.440767974698,1.0
0.665533544466,0.257063308773,2.0
0.66057390611,0.697990348396,3.0
0.227743460606,0.469254907495,1.0
0.681863356522,0.199129147868,2.0
0.676608369494,0.679316890375,3.0
0.14934321658,0.749821477073,1.0
0.502235715587,0.0391692210329,2.0
0.864354859494,0.590001691497,3.0
0.205448907475,0.426023690884,1.0
0.683849804116,0.207759307638,2.0
0.636783622168,0.706780905494,3.0
0.291437552005,0.39827789276,1.0
0.71059570658,0.285457846101,2.0
0.700292219674,0.707998359887,3.0
0.24379195979,0.385934976153,1.0
0.730851529438,0.152456876135,2.0
0.733198634212,0.594226543562,3.0
0.127827791951,0.492412282815,1.0
0.704439653491,0.258538873628,2.0
0.621818515785,0.631089803176,3.0
0.322172455623,0.520581707204,1.0
0.698300015948,0.339286435488,2.0
0.75713522131,0.545860686106,3.0
0.240544866847,0.439038051326,1.0
0.692628357535,0.27329872983,2.0
0.706967084299,0.671470535305,3.0
0.185782822735,0.463715877294,1.0
0.701401936023,0.204635462815,2.0
0.706440478394,0.660492437815,3.0
0.210266900762,0.449765252433,1.0
0.682780390644,0.219025685016,2.0
0.681052295664,0.65179828498,3.0
0.198399086266,0.472345994415,1.0
0.716785324237,0.309205289453,2.0
0.739228128103,0.681765054491,3.0
0.229312126975,0.475119675795,1.0
0.673211303583,0.275113241854,2.0
0.680139817368,0.694171552036,3.0
0.221128041718,0.489954554859,1.0
0.648538797704,0.203026863016,2.0
0.63098985941,0.584078035842,3.0
0.245934529193,0.41961265036,1.0
0.699465535598,0.30229548435,2.0
0.690012474602,0.689580201831,3.0
0.204755109936,0.434740081965,1.0
0.671725682674,0.199816225755,2.0
0.621860069649,0.682737586108,3.0
0.218072569987,0.4371019751,1.0
0.680564705788,0.228071261007,2.0
0.667640713715,0.649143985843,3.0
0.177391918682,0.397504332576,1.0
0.657470095273,0.237358624968,2.0
0.644443407219,0.646474394713,3.0
0.237759525663,0.432065675238,1.0
0.68074836469,0.243284205267,2.0
0.670536234099,0.656165620112,3.0
0.154017672005,0.4719451812,1.0
0.613974734507,0.211078541558,2.0
0.650028726982,0.604845050954,3.0
0.233394895257,0.432841866486,1.0
0.675637855582,0.225016434435,2.0
0.683929422061,0.657637670315,3.0
0.180907112984,0.60258599846,1.0
0.638807097688,0.30952505533,2.0
0.712051095795,0.619370474806,3.0
0.243819530254,0.453176274634,1.0
0.664693053257,0.258853679263,2.0
0.667226211084,0.637969430334,3.0
0.215778100442,0.419774367828,1.0
0.669566141432,0.230313648314,2.0
0.664030829792,0.623311970783,3.0
0.274597526201,0.549739470226,1.0
0.661440429529,0.273693525595,2.0
0.686519151741,0.652069024511,3.0
0.236952783685,0.44480645136,1.0
0.65740008851,0.249706683991,2.0
0.701706368555,0.680664391787,3.0
0.334385083172,0.362128585072,1.0
0.582058026499,0.300103919761,2.0
0.608245719442,0.574665227903,3.0
0.219448726031,0.449232445761,1.0
0.692002078957,0.201426856335,2.0
0.699908897712,0.612689328948,3.0
0.214441331636,0.462020829487,1.0
0.675128041516,0.237539543121,2.0
0.678882007892,0.649691321038,3.0
0.3660527324,0.601085216479,1.0
0.521263036045,0.188681945166,2.0
0.550311688515,0.658713184786,3.0
0.257790212493,0.445834787843,1.0
0.663650890905,0.198637862033,2.0
0.711738859351,0.650378631356,3.0
0.224981756662,0.471444211158,1.0
0.679182830421,0.252423544719,2.0
0.649938478789,0.627714169131,3.0
0.18050617058,0.594438717723,1.0
0.714556196621,0.345030506242,2.0
0.61690341834,0.671354695086,3.0
0.171474880843,0.39034814495,1.0
0.65429916634,0.217819949627,2.0
0.630997640454,0.695511796847,3.0
0.237016798543,0.452672830731,1.0
0.677388482065,0.234546877178,2.0
0.679939682054,0.669752531754,3.0
0.234040447123,0.444298809463,1.0
0.694691486991,0.262333450964,2.0
0.70657949772,0.678820909067,3.0
0.319196807538,0.297683795116,1.0
0.775873911407,0.457529208497,2.0
0.76902269317,0.451973362496,3.0
0.195574710255,0.422736950766,1.0
0.682376080975,0.238340313904,2.0
0.666440297474,0.6750114372,3.0
0.228266233534,0.447943803568,1.0
0.693350755732,0.245532604748,2.0
0.685940117131,0.649516781463,3.0
0.198373486792,0.473048769526,1.0
0.629168658869,0.181045643331,2.0
0.725384140345,0.630415646403,3.0
0.205788858712,0.517348950262,1.0
0.694363801063,0.36061229591,2.0
0.807086053349,0.647072858271,3.0
0.155084504655,0.473530906972,1.0
0.623987560984,0.145921377145,2.0
0.75509284222,0.572962902403,3.0
0.21567389541,0.467408379029,1.0
0.662946682084,0.244807042735,2.0
0.659531045605,0.639446602847,3.0
0.154126285856,0.510499185989,1.0
0.736632258352,0.160500351164,2.0
0.665045804228,0.687115362767,3.0
0.236139595035,0.443753655268,1.0
0.696211602078,0.216724346606,2.0
0.672355237399,0.643420220359,3.0
0.223851240321,0.415513213231,1.0
0.709929726052,0.196643733011,2.0
0.680327841132,0.669849144466,3.0
0.267054078349,0.414558112693,1.0
0.698576655717,0.198879427012,2.0
0.650145627719,0.671506931113,3.0
0.257379220002,0.414986631954,1.0
0.676334294794,0.207024345103,2.0
0.640124876979,0.695759127996,3.0
0.19451922866,0.416899674897,1.0
0.66287932884,0.238451268173,2.0
0.665570961862,0.680698395711,3.0
0.157250814341,0.40375151158,1.0
0.632462435103,0.22718428015,2.0
0.653816701426,0.639912217133,3.0
0.152084200012,0.588193169699,1.0
0.754042554648,0.259746883623,2.0
0.637038171408,0.635925529186,3.0
0.161951549313,0.460357390388,1.0
0.712340704922,0.318638733049,2.0
0.636238063964,0.730371259983,3.0
0.215335200587,0.466194787904,1.0
0.691010141381,0.247018006823,2.0
0.691226987839,0.658776807421,3.0
0.24111657067,0.471156186814,1.0
0.691881736196,0.225714804444,2.0
0.658389496643,0.66116602614,3.0
0.236001598847,0.45112734852,1.0
0.693761098662,0.231754736813,2.0
0.67095151393,0.666728834652,3.0
0.206169901929,0.467492369182,1.0
0.647397493051,0.247763143945,2.0
0.675353898389,0.685173270865,3.0
0.222229508074,0.422122745576,1.0
0.724125995381,0.29512935599,2.0
0.70853836834,0.773556144685,3.0
0.222670166946,0.439578862466,1.0
0.695000652205,0.213743878206,2.0
0.685399287555,0.636180764742,3.0
0.223848759304,0.463032033612,1.0
0.670943317004,0.226141578303,2.0
0.685573517006,0.642239458423,3.0
0.216313002513,0.455968593039,1.0
0.69651747591,0.247983607106,2.0
0.66523291469,0.657980922066,3.0
0.248981067213,0.517740068468,1.0
0.763056684874,0.177512272202,2.0
0.698394080276,0.669481557459,3.0
0.238869911222,0.428774941123,1.0
0.697577262569,0.190684230459,2.0
0.693520818307,0.624141497297,3.0
0.247917337539,0.451467583069,1.0
0.672693931424,0.252640925279,2.0
0.690983786802,0.671665836408,3.0
0.229692307895,0.547809857774,1.0
0.690141553793,0.177271892696,2.0
0.803455158289,0.457516362569,3.0
0.205405297311,0.448531018311,1.0
0.675950638825,0.248247343259,2.0
0.696390080247,0.65080871539,3.0
0.229807025672,0.422367350092,1.0
0.689830950939,0.250382763616,2.0
0.691634928981,0.647089079788,3.0
0.245959181489,0.44775584696,1.0
0.712487739351,0.236045232146,2.0
0.678258634168,0.636851594748,3.0
0.272647865554,0.44586753532,1.0
0.692834024087,0.150966779978,2.0
0.609088690295,0.656051294212,3.0
0.190021368545,0.459322391545,1.0
0.792652205847,0.382752732587,2.0
0.76273158035,0.687834274761,3.0
0.137290415325,0.466475594495,1.0
0.643536915275,0.23641614516,2.0
0.62788461794,0.618072244975,3.0
0.179856854675,0.408128815928,1.0
0.734586929599,0.264771539771,2.0
0.725055700711,0.628364144194,3.0
0.237432188019,0.448817801465,1.0
0.607675963839,0.200481998955,2.0
0.658549713258,0.581517628875,3.0
0.221056622888,0.446413298911,1.0
0.613602602378,0.260941364183,2.0
0.625773994929,0.711103494308,3.0
0.224749435475,0.421576273911,1.0
0.687104335591,0.250840255839,2.0
0.656008153806,0.679954152328,3.0
0.208591674409,0.439694277846,1.0
0.685801356964,0.246496244246,2.0
0.676659282503,0.6597687686,3.0
0.224548453841,0.456008069087,1.0
0.681990126477,0.254631383461,2.0
0.701843004647,0.656750202519,3.0
0.237190518951,0.421665898792,1.0
0.671900299692,0.264142449395,2.0
0.709477979694,0.660893236434,3.0
0.215534868209,0.347989839784,1.0
0.708579424085,0.262486673203,2.0
0.789410671913,0.786301036268,3.0
0.16893998486,0.38935980974,1.0
0.740319728469,0.188719649201,2.0
0.73175610944,0.609169644503,3.0
0.189435248401,0.475961813742,1.0
0.665923294972,0.26127073615,2.0
0.647019713715,0.676637088934,3.0
0.182437394529,0.456480352384,1.0
0.612225812755,0.400024140893,2.0
0.587055971598,0.646287423566,3.0
0.185048902487,0.4588879196,1.0
0.675212408191,0.223836307247,2.0
0.647432292822,0.658607099344,3.0
0.220901005254,0.467773095268,1.0
0.700266595895,0.234056023452,2.0
0.699980434389,0.676295237705,3.0
0.175131332142,0.398929145158,1.0
0.626354492811,0.164651603965,2.0
0.653944746925,0.61017034747,3.0
0.229099617024,0.417989498735,1.0
0.71623478986,0.212656309547,2.0
0.682176211267,0.682449970996,3.0
0.0409370113111,0.612058532876,1.0
0.57272161101,0.351460066495,2.0
0.71821570032,0.661134015363,3.0
0.228030938624,0.474978017415,1.0
0.677528871668,0.22368306845,2.0
0.678254452126,0.652673435827,3.0
0.178912143803,0.443815267214,1.0
0.691099896715,0.214048196113,2.0
0.652341586566,0.64241047574,3.0
0.239168618679,0.435207868032,1.0
0.703856634425,0.246385770595,2.0
0.669821045628,0.66482191468,3.0
0.198256825768,0.410362535411,1.0
0.717508708343,0.22350257655,2.0
0.645681316864,0.615976464341,3.0
0.225267743987,0.456482147406,1.0
0.681288038709,0.225000703226,2.0
0.678873850615,0.675434840387,3.0
0.187726321768,0.434082411292,1.0
0.674677391959,0.207722030528,2.0
0.646235513199,0.670937057485,3.0
0.407537733435,0.538444607224,1.0
0.680546133394,0.186518596332,2.0
0.888231598907,0.618966134615,3.0
0.167289643339,0.359165902711,1.0
0.582169124344,0.315458111426,2.0
0.733556909242,0.680710485977,3.0
0.257256954834,0.434668489626,1.0
0.687865975484,0.199230652637,2.0
0.696862471982,0.672521966029,3.0
0.0776395529272,0.27170393694,1.0
0.531305959356,0.22803473667,2.0
0.821882045839,0.719562941203,3.0
0.213024948016,0.480696120726,1.0
0.713523431297,0.271014091485,2.0
0.659421597227,0.660616468596,3.0
0.191279226826,0.439491610343,1.0
0.683074504238,0.196050558029,2.0
0.709173692165,0.668319232134,3.0
0.233486046225,0.436187701451,1.0
0.689039105776,0.229115862004,2.0
0.6772333627,0.670065884856,3.0
0.243528196902,0.421227520036,1.0
0.661675576425,0.254280653513,2.0
0.66731995981,0.699296592462,3.0
0.213014866294,0.447451213925,1.0
0.706579318954,0.240066879127,2.0
0.659103156494,0.667553749596,3.0
0.189174017781,0.464339794107,1.0
0.650088365246,0.230472640022,2.0
0.668981338387,0.639230654788,3.0
0.248588730984,0.456792805724,1.0
0.689632496178,0.237898558646,2.0
0.660610567697,0.633840471567,3.0
0.182477765661,0.423431508273,1.0
0.717507042621,0.289679219128,2.0
0.652810285337,0.620670031978,3.0
0.193939507973,0.490758518799,1.0
0.661228148831,0.282361767009,2.0
0.683994921293,0.630183331037,3.0
0.233598991468,0.47063516817,1.0
0.647647276275,0.244620591259,2.0
0.645751708386,0.641368056037,3.0
0.221363595877,0.458290606204,1.0
0.690032687661,0.235126339502,2.0
0.680439944554,0.663209410484,3.0
0.197668351372,0.465520874309,1.0
0.690051142104,0.209124096531,2.0
0.672016897397,0.623429158602,3.0
0.213989066198,0.444980084888,1.0
0.676592913147,0.223288597978,2.0
0.684720461431,0.660015328291,3.0
0.205949318343,0.421206465566,1.0
0.626154238159,0.308543280025,2.0
0.738139292149,0.668052264645,3.0
0.225690010676,0.471136263482,1.0
0.739142308607,0.218979132182,2.0
0.728576364127,0.701248383238,3.0
0.231421830295,0.447538538956,1.0
0.712363960899,0.261795034268,2.0
0.64679320159,0.685376453596,3.0
0.196153001548,0.455133377779,1.0
0.703361022915,0.230498662408,2.0
0.681584930628,0.672527826037,3.0
0.219302174966,0.510408044101,1.0
0.587227426704,0.159217975499,2.0
0.590679470575,0.625501745619,3.0
0.226682596637,0.439030286437,1.0
0.668492999215,0.233384680436,2.0
0.680013335284,0.656508086375,3.0
0.21346480535,0.543882481736,1.0
0.673500984212,0.0956666916917,2.0
0.737949255897,0.602054547753,3.0
0.302507662268,0.358076808387,1.0
0.62503126972,0.21375563714,2.0
0.615244971261,0.577562881554,3.0
0.181138250645,0.45289309788,1.0
0.666083174112,0.208421457415,2.0
0.6455481654,0.717490232994,3.0
0.229670383608,0.432059821546,1.0
0.693654545613,0.219671924332,2.0
0.695721773926,0.647582188261,3.0
0.240218193821,0.470005168018,1.0
0.683012063487,0.196804651897,2.0
0.692548961583,0.637880651234,3.0
0.207054966457,0.424134137133,1.0
0.708000856928,0.21507376727,2.0
0.722080221684,0.709390581851,3.0
0.227034583461,0.426241806231,1.0
0.654966486743,0.241869237417,2.0
0.68153103436,0.650671947715,3.0
0.252886808684,0.450087190963,1.0
0.70210083663,0.235845155671,2.0
0.683021830856,0.655372394894,3.0
0.242485821934,0.444558043975,1.0
0.671341811873,0.230145339858,2.0
0.683881541273,0.624755566312,3.0
0.226480659064,0.48178528479,1.0
0.66781431007,0.216911512537,2.0
0.704879275178,0.631863424176,3.0
0.201789762466,0.397466990717,1.0
0.619540215801,0.180510129325,2.0
0.726409525339,0.592656824231,3.0
0.17690719011,0.494254423778,1.0
0.570890983323,0.167400346432,2.0
0.729810601412,0.684583441349,3.0
0.191579764215,0.422866676311,1.0
0.671411869525,0.20966492211,2.0
0.655324882415,0.628528396269,3.0
0.284661845147,0.659461707787,1.0
0.535480069643,0.254421013012,2.0
0.500809192061,0.995540537795,3.0
0.107724536032,0.352823844569,1.0
0.563989836247,0.0,2.0
0.461378746499,0.646499403599,3.0
0.235944550931,0.454684156514,1.0
0.683040303278,0.232427535077,2.0
0.689546542303,0.661690982639,3.0
0.220508903652,0.477503645275,1.0
0.631833614354,0.268416520723,2.0
0.704183012506,0.673746452326,3.0
0.305731408511,0.579188285909,1.0
0.626438353259,0.350499948787,2.0
0.607880008044,0.653013319176,3.0
0.292641779385,0.360801362154,1.0
0.640639936902,0.193202777403,2.0
0.75112023928,0.727488521957,3.0
0.24066705947,0.42003560405,1.0
0.677393902193,0.268828220112,2.0
0.673060394923,0.637576600554,3.0
0.0105523131856,0.369155801213,1.0
0.453282333138,0.221456463526,2.0
0.511983603809,0.697564775278,3.0
0.233504945549,0.458768901537,1.0
0.690492887617,0.219704372726,2.0
0.685265722198,0.647250514517,3.0
0.190036418871,0.417132223797,1.0
0.701215864219,0.225413371335,2.0
0.679607303546,0.646894986584,3.0
0.236982825665,0.429945005099,1.0
0.756899761758,0.339966587372,2.0
0.676748518932,0.618491902812,3.0
0.125285730807,0.301201510693,1.0
0.769087643652,0.0131512726706,2.0
0.632706311739,0.492276874915,3.0
0.235745646146,0.442578046495,1.0
0.686849847266,0.241140288034,2.0
0.694642075952,0.650551052391,3.0
0.196082643645,0.40014627103,1.0
0.710089422143,0.285289431678,2.0
0.618470816758,0.681631596668,3.0
0.207379072545,0.437652778826,1.0
0.686381925791,0.25054816324,2.0
0.683338626034,0.657067047628,3.0
0.273560626878,0.47957646429,1.0
0.659933824061,0.227147960325,2.0
0.741013827314,0.584617524763,3.0
0.225916641802,0.433737807739,1.0
0.673262841979,0.226732314084,2.0
0.684053160868,0.646720072807,3.0
0.254922073339,0.441242626608,1.0
0.651446575461,0.195299704514,2.0
0.677503784356,0.643581370886,3.0
0.214826782215,0.461120848994,1.0
0.685154055736,0.232937890304,2.0
0.666698894018,0.664151525557,3.0
0.240795862418,0.447373832367,1.0
0.680512713764,0.200320038824,2.0
0.702617832541,0.667843528046,3.0
0.329991158693,0.379566805024,1.0
0.725831816395,0.335806721802,2.0
0.610268004389,0.660101393376,3.0
0.209364961383,0.458682071602,1.0
0.682286751945,0.217148058373,2.0
0.663753202417,0.645880411427,3.0
0.215408794797,0.435109226302,1.0
0.70292838875,0.236209573055,2.0
0.669314937173,0.683687170145,3.0
0.223624609923,0.445206073207,1.0
0.722104224513,0.186486181179,2.0
0.716495010731,0.712212609787,3.0
0.243289255616,0.397870935523,1.0
0.616228642163,0.1615277359,2.0
0.7045174233,0.786016393196,3.0
0.233278817579,0.474874166669,1.0
0.66119105705,0.223299554172,2.0
0.69312644824,0.685743365592,3.0
0.209242947793,0.451494189349,1.0
0.67678259093,0.235224142172,2.0
0.67836609767,0.671862880064,3.0
0.238465722333,0.410211958086,1.0
0.721745637765,0.21737459416,2.0
0.682797802587,0.595594595145,3.0
0.230867106758,0.466913022062,1.0
0.686324489869,0.221417895199,2.0
0.69636059282,0.646853893295,3.0
0.367376529772,0.219050653459,1.0
0.725070466791,0.19090098838,2.0
0.732085505782,0.803384771023,3.0
0.204212991321,0.426782653312,1.0
0.695435949473,0.231241767005,2.0
0.669771038841,0.662761551359,3.0
0.00632652001775,0.532141892795,1.0
0.77396647962,0.142551279642,2.0
0.728083065959,0.761865250695,3.0
0.230618042164,0.426002544766,1.0
0.684679609035,0.229445493305,2.0
0.688757213687,0.664131322553,3.0
0.190472572811,0.479933152292,1.0
0.644039594342,0.177893777511,2.0
0.663623831757,0.652485223217,3.0
0.222846441169,0.446833598308,1.0
0.683165079929,0.239235919058,2.0
0.689978579682,0.668786719926,3.0
0.224308727944,0.465463832423,1.0
0.650873825792,0.20670146296,2.0
0.708728160737,0.637190271621,3.0
0.361902257939,0.513772664679,1.0
0.600682614724,0.335951448077,2.0
0.707171439877,0.801838047736,3.0
0.207525662127,0.436538701112,1.0
0.642966895356,0.0258389437154,2.0
0.561074465977,0.506075717021,3.0
0.214538609572,0.448968919828,1.0
0.681339849215,0.226665803027,2.0
0.69645264178,0.652535565054,3.0
0.24159934421,0.362916609385,1.0
0.649826568411,0.291570051324,2.0
0.654933253843,0.746376379609,3.0
0.209049644311,0.477848570923,1.0
0.671525386567,0.283396535928,2.0
0.713662365052,0.621993414194,3.0
0.24722235563,0.405166095211,1.0
0.666215429059,0.178609202624,2.0
0.631067246149,0.653903720169,3.0
0.209312654274,0.470796037187,1.0
0.670974357453,0.212978413421,2.0
0.670173682455,0.661890866022,3.0
0.205472384712,0.408097052373,1.0
0.619528310875,0.203639241377,2.0
0.707987726801,0.687957640271,3.0
0.2081797081,0.435263879884,1.0
0.695398940576,0.219336926229,2.0
0.688400768388,0.645492522935,3.0
0.211771501889,0.471478185003,1.0
0.713953815787,0.232569690695,2.0
0.732166969033,0.674306146532,3.0
0.442985589779,0.617066921083,1.0
0.889533564542,0.590494570702,2.0
0.540874642794,0.961018720413,3.0
0.193655116013,0.467827052865,1.0
0.697187241005,0.1936480689,2.0
0.654375290796,0.698167076735,3.0
0.229873592908,0.492267264136,1.0
0.688985688798,0.243626909742,2.0
0.725189640542,0.628056303102,3.0
0.236644488404,0.373372182859,1.0
0.622406301708,0.246361017215,2.0
0.70414269429,0.621210970844,3.0
0.218011142398,0.435174095909,1.0
0.689331570463,0.232558899073,2.0
0.69929683627,0.677777694869,3.0
0.271920063207,0.485656759674,1.0
0.626214158511,0.238716718008,2.0
0.728561940548,0.599759691985,3.0
0.209029590838,0.428432417618,1.0
0.699310384059,0.227054367215,2.0
0.67881598388,0.656117192571,3.0
0.21563892368,0.422682331691,1.0
0.683817508538,0.213512794744,2.0
0.688175821107,0.675450260487,3.0
0.512778288533,0.378821065041,1.0
0.735807453007,0.25722526838,2.0
0.460268952546,0.71159255178,3.0
0.1282001153,0.351256594053,1.0
0.814131412818,0.314394232422,2.0
0.635825875119,0.667074728087,3.0
0.234312801582,0.397869133324,1.0
0.658396305479,0.301983658656,2.0
0.747075388263,0.693824859405,3.0
0.194339149452,0.43513204439,1.0
0.689836782843,0.254055420408,2.0
0.655377603698,0.676085961799,3.0
0.14619294616,0.622446133804,1.0
0.798635483332,0.351542510764,2.0
0.804444169503,0.544324893,3.0
0.225956211648,0.453654251656,1.0
0.694926135368,0.228805136461,2.0
0.682638164478,0.648538193154,3.0
0.295237488615,0.25318778043,1.0
0.688031278368,0.540756587434,2.0
0.827268402999,0.824778960211,3.0
0.225288892661,0.467407441716,1.0
0.69171030538,0.195041679135,2.0
0.71276741129,0.64465570658,3.0
0.242234037714,0.478731283043,1.0
0.68633252643,0.225038200386,2.0
0.666658020153,0.68288436628,3.0
0.200268771893,0.438534981127,1.0
0.657482334646,0.194696771264,2.0
0.646759040506,0.646873735669,3.0
0.229999729483,0.443750269258,1.0
0.70219446421,0.256160302361,2.0
0.65886504697,0.660353796265,3.0
0.242591768651,0.405200713236,1.0
0.721618321513,0.179934434909,2.0
0.685566527949,0.556144275137,3.0
0.544757843981,0.434161466284,1.0
1.0,0.409225113028,2.0
0.978187623618,0.94269017225,3.0
0.201465230183,0.394836529022,1.0
0.703953381368,0.212767671669,2.0
0.688625157212,0.644842019199,3.0
0.214304697027,0.43720724933,1.0
0.691352261982,0.234379482093,2.0
0.67117506654,0.637091949046,3.0
0.188382728207,0.399157302372,1.0
0.688366798988,0.256120714174,2.0
0.696403613065,0.682320526121,3.0
0.201357209814,0.416125549932,1.0
0.700457743889,0.231461461892,2.0
0.701245434422,0.64322173287,3.0
