Dimension-x,Dimension-y,labels
0.209341893332,0.654551074913,1.0
0.223757833409,0.275999381891,2.0
0.811025080441,0.307468848324,3.0
0.711118699261,0.773683098549,4.0
0.239876745053,0.721694244705,1.0
0.230685964997,0.248121852197,2.0
0.819754529619,0.362372322661,3.0
0.720916820217,0.748687590747,4.0
0.19477284669,0.831355307252,1.0
0.0915106129754,0.390111462106,2.0
0.845345355732,0.512105126384,3.0
0.809546259097,0.900097851298,4.0
0.205041115888,0.724095922879,1.0
0.268830057196,0.272734041216,2.0
0.839558595635,0.314830348707,3.0
0.69713110348,0.746753745292,4.0
0.241016622765,0.693004552145,1.0
0.235799897487,0.255554176444,2.0
0.845534969054,0.323354641376,3.0
0.714999645397,0.784014755376,4.0
0.238178537257,0.69982739252,1.0
0.236748745809,0.260916571575,2.0
0.848250839028,0.34060891853,3.0
0.705409299661,0.759563404555,4.0
0.192350563623,0.742108236636,1.0
0.273077277396,0.260330547751,2.0
0.834557328428,0.385374666752,3.0
0.668745266332,0.767068708322,4.0
0.173693162442,0.693021087082,1.0
0.270964226976,0.26025245287,2.0
0.809764993173,0.392918750541,3.0
0.738471047283,0.771269787424,4.0
0.176838650408,0.743420276744,1.0
0.244668931987,0.231375280987,2.0
0.828969239234,0.326540472251,3.0
0.72150980202,0.779808119429,4.0
0.201851239917,0.676557788331,1.0
0.225144346922,0.250960201473,2.0
0.823176298375,0.360805112465,3.0
0.710203482089,0.75009082527,4.0
0.200543630523,0.730508847762,1.0
0.220614135191,0.284858384656,2.0
0.86495511146,0.322366834355,3.0
0.6879419037,0.740030850005,4.0
0.162504550867,0.657228007071,1.0
0.233274794526,0.314724162501,2.0
0.822403474944,0.367494950444,3.0
0.713828108559,0.722191165401,4.0
0.147013612623,0.797560126085,1.0
0.197108280243,0.252922428491,2.0
0.826840200655,0.26193443278,3.0
0.80079713031,0.878176243821,4.0
0.218015004515,0.727809807447,1.0
0.262408062289,0.299734475632,2.0
0.812228058315,0.30517943884,3.0
0.727202131465,0.754455774641,4.0
0.219719998982,0.732660834631,1.0
0.194480853497,0.310919671919,2.0
0.778089172733,0.397513936785,3.0
0.678332494592,0.832654974386,4.0
0.244985609399,0.731910748496,1.0
0.257009534921,0.249120966047,2.0
0.809208749555,0.365796407707,3.0
0.728846409656,0.769120809335,4.0
0.195455490134,0.678723736607,1.0
0.255625481839,0.317881682624,2.0
0.811072036928,0.333076869891,3.0
0.733262098261,0.766012713226,4.0
0.241988138805,0.716378679485,1.0
0.256989697259,0.260722556405,2.0
0.832961074942,0.314627708176,3.0
0.692385175056,0.815125810649,4.0
0.164184200374,0.473826570991,1.0
0.177585863891,0.117808797291,2.0
0.718766290292,0.273174133419,3.0
0.885277394347,0.867336416933,4.0
0.129044757057,0.637726205558,1.0
0.32361222912,0.371972288773,2.0
0.763881020177,0.455146503498,3.0
0.624678435973,0.824545293688,4.0
0.195935268196,0.722246190992,1.0
0.210761673685,0.234884410191,2.0
0.8262104182,0.335139919077,3.0
0.745662736499,0.739762874144,4.0
0.227249865437,0.700975852413,1.0
0.238840472778,0.29883695884,2.0
0.825037005603,0.33909949788,3.0
0.740938827925,0.789187461498,4.0
0.166051963491,0.740106975829,1.0
0.256210460872,0.222539914349,2.0
0.819797060646,0.337117862841,3.0
0.769622339946,0.689997252226,4.0
0.156166011295,0.424953912919,1.0
0.0465748318522,0.18462788847,2.0
0.680535944569,0.54331391638,3.0
0.655119641215,0.496462029774,4.0
0.229572685053,0.677888047554,1.0
0.24822309701,0.267258707149,2.0
0.815136286718,0.364464742531,3.0
0.726543786519,0.745504999293,4.0
0.273031642204,0.776609709331,1.0
0.252357689431,0.29732829866,2.0
0.822935947121,0.359333390734,3.0
0.675524670544,0.706496114184,4.0
0.213728308919,0.538227325055,1.0
0.217805733877,0.179536432673,2.0
0.773628121311,0.292353875862,3.0
0.54816410305,0.995797784383,4.0
0.214247694459,0.622824293016,1.0
0.24124764711,0.287583538689,2.0
0.867401772266,0.411379030875,3.0
0.699008345986,0.810970226837,4.0
0.233620577338,0.713771728764,1.0
0.236151140353,0.280759085429,2.0
0.800770972391,0.318707534356,3.0
0.722629656077,0.791204185594,4.0
0.221323541267,0.692808380219,1.0
0.250890649737,0.254977609497,2.0
0.819459762865,0.353485721797,3.0
0.697792132768,0.782965148742,4.0
0.226342368872,0.70904571368,1.0
0.290370760022,0.256161199819,2.0
0.819056979975,0.363113488214,3.0
0.676582289958,0.776037984003,4.0
0.25985531136,0.773130735113,1.0
0.259993766318,0.261276545477,2.0
0.862442146309,0.408336717262,3.0
0.691406805738,0.722045670429,4.0
0.0513771357457,0.43287588997,1.0
0.407058945836,0.00561340714017,2.0
0.833436468055,0.427931436443,3.0
0.878055023887,0.686650377589,4.0
0.19583875713,0.688374798094,1.0
0.237939647961,0.295137227477,2.0
0.851888008861,0.340109725945,3.0
0.709899813338,0.801904366954,4.0
0.207553211798,0.739805124679,1.0
0.247978759993,0.270443940349,2.0
0.799912056127,0.344005326166,3.0
0.712121193462,0.823091232539,4.0
0.194747960464,0.714357026875,1.0
0.254352504255,0.258255074801,2.0
0.811731309379,0.324051080213,3.0
0.717920319816,0.779034377658,4.0
0.0656051288429,0.502633228743,1.0
0.378329434737,0.300679054612,2.0
0.994840160831,0.330540034376,3.0
0.527857435678,0.698681244658,4.0
0.190014541443,0.64598026184,1.0
0.237628970957,0.289615368408,2.0
0.85409071546,0.316952541817,3.0
0.747776766413,0.753375766653,4.0
0.218190693257,0.696574593696,1.0
0.214051547784,0.249414891132,2.0
0.843037706328,0.338580718921,3.0
0.684578039616,0.794642521189,4.0
0.191176242233,0.748833930136,1.0
0.218401835608,0.310417161934,2.0
0.872692510558,0.324040901298,3.0
0.681828092902,0.748068179216,4.0
0.246781624792,0.741840137897,1.0
0.290415696573,0.310756726335,2.0
0.855305118196,0.275310980335,3.0
0.69234729201,0.810457152454,4.0
0.228227900062,0.678821024541,1.0
0.219491343855,0.286803055502,2.0
0.819046206434,0.322060702693,3.0
0.724878647216,0.798662274717,4.0
0.217652126201,0.671588175794,1.0
0.251545111399,0.233259704993,2.0
0.852748348344,0.37620116489,3.0
0.69615575768,0.761926048408,4.0
0.195321568726,0.726126449144,1.0
0.265907119978,0.258770076313,2.0
0.818655837897,0.321508248598,3.0
0.701961940779,0.785606954025,4.0
0.189474628826,0.589271233143,1.0
0.265722491204,0.159022249226,2.0
0.847138515625,0.251981486128,3.0
0.718825545271,0.715284146101,4.0
0.182141216047,0.717732414996,1.0
0.234060112191,0.245330306792,2.0
0.80532101581,0.306645887931,3.0
0.707255295153,0.725175373897,4.0
0.168419879086,0.582901148324,1.0
0.201997819555,0.14862837235,2.0
0.840607815809,0.405934271479,3.0
0.673287556799,0.686342357766,4.0
0.220360404715,0.687251530833,1.0
0.240058146048,0.238110704299,2.0
0.84838153315,0.359528120762,3.0
0.693761198821,0.752317497502,4.0
0.251938113355,0.662041474934,1.0
0.277815710354,0.234302296857,2.0
0.869181272147,0.393639739667,3.0
0.724664202795,0.755309090576,4.0
0.250351787954,0.575121358876,1.0
0.20547202535,0.366698954493,2.0
0.768112243854,0.288310096439,3.0
0.751533944116,0.813687371359,4.0
0.219960609305,0.67953179946,1.0
0.275087014626,0.324060591209,2.0
0.809957575029,0.33600595195,3.0
0.704548274358,0.780175508703,4.0
0.18626540441,0.744521077229,1.0
0.270996277086,0.344156961755,2.0
0.852500019864,0.359176534051,3.0
0.747341940328,0.830289107031,4.0
0.22262693817,0.749835403778,1.0
0.224480331005,0.262323689789,2.0
0.852422628021,0.351341606521,3.0
0.713049725119,0.785029489048,4.0
0.19972828827,0.688154042241,1.0
0.237276984808,0.263155117494,2.0
0.832542288259,0.366651490441,3.0
0.73593527711,0.805897190125,4.0
0.134713584414,0.871631724626,1.0
0.169187374304,0.30105331686,2.0
0.728480376476,0.328389059037,3.0
0.579115967354,0.778647610158,4.0
0.206484784449,0.738275668831,1.0
0.246996583276,0.267376137734,2.0
0.849537956291,0.374740802014,3.0
0.726123936963,0.777509457533,4.0
0.219228455078,0.705690831442,1.0
0.264137211152,0.294532438876,2.0
0.790695004931,0.388473487774,3.0
0.724280715465,0.727155581722,4.0
0.204658444227,0.731391960266,1.0
0.2494402453,0.248838888891,2.0
0.849930952616,0.321185662563,3.0
0.712911613607,0.793145654317,4.0
0.241266376188,0.723050192664,1.0
0.222979532515,0.232602454224,2.0
0.813200677337,0.319669228231,3.0
0.717546761358,0.817568828548,4.0
0.20876260193,0.72927819643,1.0
0.256792935366,0.271830168065,2.0
0.817234923749,0.359572082582,3.0
0.731026520298,0.773357676999,4.0
0.17965015878,0.825734308215,1.0
0.26640552373,0.351057769084,2.0
0.857092417197,0.393030549496,3.0
0.868018936021,0.61902961802,4.0
0.214832664858,0.71606946296,1.0
0.252075132519,0.292368618969,2.0
0.824749031902,0.34713487892,3.0
0.713262263773,0.757001778149,4.0
0.320783887868,0.702140561596,1.0
0.352478522359,0.200710466002,2.0
0.834488885132,0.524878498029,3.0
0.6793577351,0.930491112028,4.0
0.0832002431979,0.882303545978,1.0
0.388094293983,0.325728994582,2.0
0.796338944319,0.39761579912,3.0
0.672040522117,0.952786357189,4.0
0.248526334529,0.663326357026,1.0
0.257467700805,0.310262890567,2.0
0.792389222411,0.366318604271,3.0
0.710567003679,0.823518109468,4.0
0.215483553321,0.720059924718,1.0
0.231941473391,0.298023775456,2.0
0.8112477884,0.352671386137,3.0
0.693198122724,0.79319861327,4.0
0.252681223046,0.726850388461,1.0
0.223969659293,0.300756366224,2.0
0.826638089384,0.306582476144,3.0
0.706117005907,0.718845157925,4.0
0.270552280749,0.717775593286,1.0
0.194675354878,0.307970373256,2.0
0.8402084995,0.283437359576,3.0
0.693314279702,0.802644759053,4.0
0.195265201569,0.709734699394,1.0
0.241956836421,0.261668658434,2.0
0.82389149975,0.327482765766,3.0
0.704849124783,0.786005692487,4.0
0.220382127723,0.708540296668,1.0
0.235503241615,0.238699550515,2.0
0.83229454682,0.306072423607,3.0
0.722390104357,0.771374064092,4.0
0.215597393953,0.668578280075,1.0
0.247355370114,0.203176940828,2.0
0.831965691491,0.291775348125,3.0
0.756295749618,0.759602286563,4.0
0.241593989654,0.695185630724,1.0
0.240170183416,0.263997989692,2.0
0.834288883604,0.373155471268,3.0
0.722499201884,0.762777881097,4.0
0.274020168324,0.750305267274,1.0
0.270674665803,0.267108924205,2.0
0.838449057765,0.417894248046,3.0
0.761271712967,0.850692960382,4.0
0.154510193564,0.88098279696,1.0
0.140026998328,0.324937955767,2.0
0.769897685923,0.26435752841,3.0
0.852062322351,0.731571290366,4.0
0.18707318651,0.714118859578,1.0
0.216151219107,0.314376120676,2.0
0.84410531597,0.301293814801,3.0
0.67638973486,0.748728100983,4.0
0.271535546522,0.716352130058,1.0
0.267938048401,0.234365407332,2.0
0.909641019699,0.430719812635,3.0
0.686539679766,0.649714641004,4.0
0.248401941628,0.525496250818,1.0
0.276096602992,0.176053346264,2.0
0.771508258817,0.0834480508167,3.0
0.788272838342,0.930265477697,4.0
0.0295127836811,0.692503763873,1.0
0.331898751857,0.0802748226262,2.0
0.772821377555,0.0696810061842,3.0
0.640515240543,0.88547307665,4.0
0.213362177018,0.708989132855,1.0
0.241862307027,0.342506955121,2.0
0.862529257503,0.331146651617,3.0
0.729622823682,0.784506550863,4.0
0.303992695141,0.609175263304,1.0
0.318420807144,0.381229010367,2.0
0.909096359287,0.326275552339,3.0
0.788123631227,0.685908690373,4.0
0.187139959525,0.736313217372,1.0
0.251512840622,0.240868770131,2.0
0.815016788918,0.292820716171,3.0
0.707087575275,0.7904141796,4.0
0.169892607078,0.753867224578,1.0
0.265741364348,0.196388021394,2.0
0.765089940291,0.277592935172,3.0
0.708202776173,0.819394907388,4.0
0.195605837323,0.7239357343,1.0
0.236969676586,0.255807626999,2.0
0.844507798949,0.329846266693,3.0
0.686863240386,0.738853918063,4.0
0.239369516497,0.684149679084,1.0
0.245312854485,0.280848379574,2.0
0.829645940729,0.324248462257,3.0
0.730479749932,0.768755494148,4.0
0.257333628803,0.714687131443,1.0
0.343800500778,0.418819268193,2.0
0.725483919253,0.162788614016,3.0
0.755043970237,0.643552260017,4.0
0.192878295227,0.724177297004,1.0
0.28348130279,0.235461792646,2.0
0.878275547253,0.406383629005,3.0
0.757504999256,0.849957447464,4.0
0.237111176157,0.661137838789,1.0
0.255719292958,0.260942730831,2.0
0.857954046998,0.322777142563,3.0
0.697296571578,0.770758111592,4.0
0.152842227618,0.726590894427,1.0
0.197220966592,0.31638039297,2.0
0.794996366017,0.283533415394,3.0
0.733418195596,0.762156301781,4.0
0.204499836978,0.712649251424,1.0
0.221667336624,0.29125758662,2.0
0.820045385819,0.31302239029,3.0
0.719613434787,0.807571930018,4.0
0.225822094058,0.72540459503,1.0
0.261615801207,0.247378046884,2.0
0.851536569833,0.348951972361,3.0
0.699660455746,0.782883265678,4.0
0.221050042252,0.647065175424,1.0
0.208482039055,0.225496628598,2.0
0.861043175329,0.392262398641,3.0
0.649539241228,0.667521157929,4.0
0.136666488387,0.439620780822,1.0
0.0420945154658,0.135747132911,2.0
0.63167707622,0.444261945999,3.0
0.624635320088,0.965504781886,4.0
0.167464822895,0.766837939574,1.0
0.24700726466,0.197250879159,2.0
0.863549865981,0.312321946759,3.0
0.768032219904,0.798878634173,4.0
0.226598205091,0.683834743272,1.0
0.254384215058,0.22788436406,2.0
0.807435261757,0.325257073167,3.0
0.748465644085,0.790847508358,4.0
0.261393060669,0.682339415708,1.0
0.249621287114,0.334371151795,2.0
0.854966580239,0.39526988936,3.0
0.702547011725,0.833210767274,4.0
0.241968977238,0.718199366265,1.0
0.243890571172,0.243876880321,2.0
0.810041822066,0.334739110863,3.0
0.736628552662,0.803905491823,4.0
0.209393582255,0.711483093017,1.0
0.266438419326,0.248301262952,2.0
0.846835605429,0.321321840972,3.0
0.738951172305,0.797745379167,4.0
0.211490566997,0.727533846246,1.0
0.161951167606,0.177469026718,2.0
0.810096703567,0.289766284304,3.0
0.716753529525,0.809572499388,4.0
0.177129902283,0.731376657168,1.0
0.219503271832,0.228178663776,2.0
0.811720143582,0.368796236312,3.0
0.684683203971,0.741641383022,4.0
0.141656832479,0.686459857902,1.0
0.16178465878,0.135576999962,2.0
0.832558274744,0.249984020115,3.0
0.618245410006,0.727233794912,4.0
0.204662636211,0.713927366434,1.0
0.227120492655,0.262585403851,2.0
0.845742531805,0.32479447031,3.0
0.705554577728,0.751937253855,4.0
0.226870320635,0.717800679616,1.0
0.269140971631,0.29130007912,2.0
0.845016241344,0.320367522821,3.0
0.704576632525,0.746137571694,4.0
0.233893560427,0.635701853906,1.0
0.199974948801,0.167475884051,2.0
0.856082062642,0.254743126161,3.0
0.615248825269,0.661443341933,4.0
0.211277101158,0.807026323502,1.0
0.176146244794,0.383941996044,2.0
0.811005620753,0.223680565941,3.0
0.788743429531,0.704370775564,4.0
0.204435629773,0.712724048678,1.0
0.233233359673,0.232826331794,2.0
0.836611967326,0.321424361373,3.0
0.745080309165,0.73978658642,4.0
0.197869388935,0.711905140783,1.0
0.268634306713,0.25717148048,2.0
0.81641679136,0.329857908442,3.0
0.723375918645,0.786854875142,4.0
0.232542365924,0.729036505395,1.0
0.246557367841,0.297751656607,2.0
0.824824720019,0.329678428651,3.0
0.738173212156,0.804450828063,4.0
0.199312841114,0.677787323039,1.0
0.272671944144,0.276548228035,2.0
0.831865408795,0.371199509521,3.0
0.713396230123,0.809636748899,4.0
0.217777740113,0.672950035042,1.0
0.247310859059,0.299709205635,2.0
0.806638270457,0.331210306365,3.0
0.726986951295,0.764293128235,4.0
0.219501741972,0.709879899686,1.0
0.229093261701,0.266670190568,2.0
0.837107634494,0.358708099974,3.0
0.712423328525,0.754975956275,4.0
0.224988173264,0.732395641783,1.0
0.250195526421,0.272526954909,2.0
0.806154552001,0.312377851629,3.0
0.732963365866,0.791539289408,4.0
0.120030768677,0.79729758719,1.0
0.258003650001,0.25449055395,2.0
0.747545265493,0.250277411667,3.0
0.671536966764,0.841864310627,4.0
0.231436001372,0.685414042032,1.0
0.228291508541,0.265413227934,2.0
0.812616335059,0.348657649894,3.0
0.727065771412,0.812144764496,4.0
0.194085181302,0.848117227037,1.0
0.343003884082,0.289923382625,2.0
0.82451229216,0.106930598782,3.0
0.771655928544,0.835812141067,4.0
0.204195779747,0.685074910484,1.0
0.262331993749,0.291153012368,2.0
0.819004071015,0.311895549301,3.0
0.725205284506,0.778442085935,4.0
0.230025936124,0.708176140052,1.0
0.24975114148,0.274700655835,2.0
0.811332038632,0.353432169091,3.0
0.732053332683,0.75826264038,4.0
0.211031116076,0.691483273295,1.0
0.264859628802,0.252030839283,2.0
0.845283670126,0.34613534965,3.0
0.701655212469,0.80675029422,4.0
0.115297054005,0.436551452235,1.0
0.260251090295,0.179602724793,2.0
0.710361501248,0.333896053958,3.0
0.691206325011,0.685277133769,4.0
0.269733738901,0.750461002143,1.0
0.215140343987,0.279130306233,2.0
0.768569309197,0.405793836547,3.0
0.764202124339,0.807688863598,4.0
0.15808274125,0.652648729494,1.0
0.198630351498,0.184861023074,2.0
0.871938792394,0.38609349698,3.0
0.66949137006,0.698365344814,4.0
0.303833051748,0.718575713059,1.0
0.186640375131,0.312891915167,2.0
0.840429980628,0.312945354056,3.0
0.741841855908,0.751509374472,4.0
0.195214357539,0.682838537783,1.0
0.24944557712,0.295378258516,2.0
0.85065922806,0.312585836367,3.0
0.728861782729,0.760530013134,4.0
0.209897316115,0.759742844511,1.0
0.219945230711,0.221848733048,2.0
0.807449403775,0.356659794616,3.0
0.692551139101,0.798056957106,4.0
0.235788536979,0.672353107894,1.0
0.227505583863,0.260493601941,2.0
0.814268744765,0.364887389547,3.0
0.734705123663,0.774751256667,4.0
0.225256387509,0.718490487489,1.0
0.242727821508,0.304306933913,2.0
0.844323373459,0.38954045676,3.0
0.715920256401,0.726753295297,4.0
0.229475147204,0.713241013888,1.0
0.232153505545,0.263366003735,2.0
0.807468406422,0.356399692894,3.0
0.735117672454,0.72469884016,4.0
0.180967008818,0.722153049915,1.0
0.217763077944,0.259139786445,2.0
0.861726849262,0.343955355757,3.0
0.754327228208,0.752555104633,4.0
0.280280293732,0.68717768238,1.0
0.272252651728,0.261590615184,2.0
0.827829829818,0.23879753622,3.0
0.769872711444,0.746807098909,4.0
0.300291002192,0.706775613786,1.0
0.306083849177,0.118197343803,2.0
0.812546674895,0.414868766696,3.0
0.508246260815,0.734928553632,4.0
0.219729613189,0.674159006328,1.0
0.266058208999,0.27625308045,2.0
0.815410979309,0.311706310331,3.0
0.715741498184,0.771333609691,4.0
0.19402230766,0.698439444464,1.0
0.259885624928,0.261053138891,2.0
0.827004150773,0.37484170764,3.0
0.739747156495,0.781698780413,4.0
0.2377930047,0.738573778777,1.0
0.287867926146,0.23284972236,2.0
0.844201879016,0.29635006166,3.0
0.742828152948,0.814542844557,4.0
0.219196330992,0.720669955835,1.0
0.23055163449,0.233811212769,2.0
0.822131923659,0.313456311338,3.0
0.698666006229,0.746054547515,4.0
0.166932741531,0.646441650135,1.0
0.26002254725,0.263891266504,2.0
0.833270321796,0.3461336282,3.0
0.738504704004,0.79537233204,4.0
0.200524106023,0.694056953022,1.0
0.232018274159,0.235249847866,2.0
0.810812315248,0.347450353057,3.0
0.709893956049,0.782033772489,4.0
0.236358331795,0.696204968479,1.0
0.241830645519,0.271191506916,2.0
0.821226278253,0.375802821321,3.0
0.721449802717,0.762708976353,4.0
0.2110167635,0.67373409157,1.0
0.271088140525,0.257593903338,2.0
0.871309734258,0.332811343757,3.0
0.693637830819,0.762685733423,4.0
0.216638981026,0.680738595267,1.0
0.235968248544,0.277040001579,2.0
0.847343727224,0.332356466402,3.0
0.708030569963,0.790941676542,4.0
0.206460304037,0.701976450633,1.0
0.229740362754,0.306363920593,2.0
0.846323333342,0.393229692207,3.0
0.72698800851,0.794413717712,4.0
0.229145294977,0.654483408786,1.0
0.236859567106,0.247675763935,2.0
0.869897964196,0.291163215813,3.0
0.707907322642,0.843309173096,4.0
0.200634436659,0.863199426263,1.0
0.190306933813,0.151548908554,2.0
0.704549344122,0.440533965917,3.0
0.823168746739,0.710193303861,4.0
0.247011622886,0.728457837435,1.0
0.230426452413,0.303837998805,2.0
0.824526150635,0.334249206161,3.0
0.703206445278,0.763682722706,4.0
0.0558964384983,0.558541429627,1.0
0.241071539271,0.414834526778,2.0
0.892016700592,0.544283689496,3.0
0.723131837102,0.734486564897,4.0
0.215870103254,0.688351281001,1.0
0.262674085281,0.283210251565,2.0
0.792179964258,0.378779154739,3.0
0.743357442573,0.811250922589,4.0
0.180615515982,0.73852825441,1.0
0.224295099764,0.313789625688,2.0
0.789213622347,0.374587938081,3.0
0.707894790474,0.764474149785,4.0
0.042226080539,0.639261413963,1.0
0.144621982502,0.473923544458,2.0
0.721841810885,0.123169425443,3.0
0.863919912599,0.842981131506,4.0
0.0101839073463,0.467157447641,1.0
0.399868673536,0.0,2.0
0.701732588335,0.38143639176,3.0
0.785465439304,1.0,4.0
0.143326460792,0.815051748272,1.0
0.147686666809,0.187124304953,2.0
0.88481180218,0.291402526115,3.0
0.677405234298,0.809962505855,4.0
0.177271536277,0.708391929477,1.0
0.213272212601,0.234917921,2.0
0.836525778801,0.347875368084,3.0
0.691466686545,0.78271259494,4.0
0.242641449563,0.706556563805,1.0
0.191051257593,0.346879561269,2.0
0.828113763653,0.234083061981,3.0
0.656210124605,0.726933885916,4.0
0.238224961244,0.710901994185,1.0
0.22308615471,0.296575236773,2.0
0.82105799796,0.31808063061,3.0
0.736971050417,0.796904213007,4.0
0.211327085807,0.691593765747,1.0
0.218673755845,0.272158049901,2.0
0.854877672328,0.356490903219,3.0
0.684034786992,0.823441646442,4.0
0.235102673738,0.725149609302,1.0
0.225288644537,0.302984494552,2.0
0.831627973875,0.37955491221,3.0
0.693008919659,0.774700435435,4.0
0.194769142451,0.736673376012,1.0
0.232830778748,0.30539378058,2.0
0.801284778984,0.312118333022,3.0
0.738439393,0.762342138133,4.0
0.246348782141,0.7179937556,1.0
0.269557796932,0.222976478355,2.0
0.827915096794,0.391158542384,3.0
0.676741088709,0.77511464978,4.0
0.252280193503,0.760273953797,1.0
0.22728713272,0.235957625296,2.0
0.818027011143,0.348843777759,3.0
0.723910002081,0.801772345613,4.0
0.220063403026,0.705487762577,1.0
0.236943379333,0.235158933758,2.0
0.807524293595,0.365481821826,3.0
0.693629227441,0.75506710801,4.0
0.250801364339,0.720764674183,1.0
0.236384532091,0.337027640757,2.0
0.887780163473,0.408806429741,3.0
0.739910998855,0.821532334134,4.0
0.230002872513,0.757643916811,1.0
0.235661375248,0.276393514811,2.0
0.774579696392,0.366331056677,3.0
0.673454212981,0.779949657386,4.0
0.0802989794141,0.803755568203,1.0
0.110651849228,0.268491447864,2.0
0.820453865179,0.390738686081,3.0
0.84521231625,0.548065157352,4.0
0.150726595824,0.61932007773,1.0
0.0644234961677,0.304240926203,2.0
0.942071892665,0.379437550676,3.0
0.530594116758,0.537882622794,4.0
0.203056884403,0.815835606591,1.0
0.0911601241032,0.216442720646,2.0
0.686769308458,0.39020321002,3.0
0.844427844597,0.552407355887,4.0
0.247689607207,0.801944107585,1.0
0.28601684342,0.213363859857,2.0
0.806656287277,0.303902510993,3.0
0.683887863047,0.818334434609,4.0
0.191644972968,0.66471784333,1.0
0.241831699663,0.293965628481,2.0
0.856523279238,0.325519190062,3.0
0.749082516873,0.725599149293,4.0
0.229545903048,0.683599436446,1.0
0.218555257219,0.253577931742,2.0
0.846159219782,0.352068791699,3.0
0.740092013688,0.787796329412,4.0
0.230409491786,0.670393247067,1.0
0.206751747288,0.313623641807,2.0
0.791579381554,0.306859557723,3.0
0.696934588134,0.792064271853,4.0
0.269197139397,0.734819193671,1.0
0.163455213745,0.219931609296,2.0
0.913116912327,0.258735818441,3.0
0.784146047331,0.845971683269,4.0
0.145115401095,0.590758911549,1.0
0.195897631494,0.240142794009,2.0
0.87387340878,0.24126667133,3.0
0.765223060377,0.715085178779,4.0
0.200001514517,0.727205715175,1.0
0.261281810778,0.203608770123,2.0
0.856935592624,0.340346368599,3.0
0.695453999863,0.722124742938,4.0
0.22024560503,0.599026993889,1.0
0.261964320775,0.332763332081,2.0
0.839607034219,0.289847224731,3.0
0.665601306309,0.884918605243,4.0
0.243770095374,0.64060125916,1.0
0.239978784821,0.318181229423,2.0
0.853077744725,0.364646135874,3.0
0.690508718035,0.806976792025,4.0
0.209784435277,0.693385356389,1.0
0.286791525778,0.315107238123,2.0
0.779612087804,0.298691390306,3.0
0.682577752749,0.721469863638,4.0
0.171848039504,0.439261393819,1.0
0.287914841257,0.266049628559,2.0
0.831022568213,0.555079438953,3.0
0.783121840131,0.878894591174,4.0
0.199632697315,0.735075896487,1.0
0.234360592401,0.267519931941,2.0
0.827352888424,0.343742301711,3.0
0.717420133851,0.810179408403,4.0
0.229621589253,0.444464141856,1.0
0.25464516676,0.430619279691,2.0
0.841808625154,0.242572847112,3.0
0.690486309425,0.819155960024,4.0
0.185835372872,0.716884728899,1.0
0.207204975264,0.270312454714,2.0
0.769307325692,0.30240251733,3.0
0.761047118317,0.780973858483,4.0
0.242949043621,0.732018559117,1.0
0.213226179888,0.287677030082,2.0
0.839658815249,0.31119569852,3.0
0.715764926339,0.768796270383,4.0
0.255659338773,0.76643562539,1.0
0.261468866153,0.239232562815,2.0
0.831403436875,0.315510126231,3.0
0.676172816711,0.698509574641,4.0
0.232792840025,0.68483811904,1.0
0.264145263818,0.244092606587,2.0
0.84599356932,0.342929961494,3.0
0.737259350978,0.752453428323,4.0
0.210167086624,0.688719008645,1.0
0.241840928644,0.246289209676,2.0
0.816608858443,0.350917310347,3.0
0.710630335096,0.754408607737,4.0
0.216067247459,0.682442723906,1.0
0.258892146108,0.269740746457,2.0
0.832792006464,0.366882401974,3.0
0.718680800339,0.74532605701,4.0
0.246614816437,0.72047861635,1.0
0.216788236029,0.341479624248,2.0
0.839219171532,0.390289013227,3.0
0.660040333537,0.818255673746,4.0
0.215180524967,0.722761566376,1.0
0.257875405751,0.265416705467,2.0
0.846053112858,0.361784534668,3.0
0.711308613944,0.797216294181,4.0
0.21577462876,0.655065913098,1.0
0.206270011415,0.291543323991,2.0
0.779288217516,0.32468705405,3.0
0.74391885332,0.724767522688,4.0
0.222096723448,0.797366195177,1.0
0.279234863728,0.346417326495,2.0
0.859627022148,0.206460996034,3.0
0.639757557936,0.84214239947,4.0
0.113308279766,0.571240342544,1.0
0.213300605122,0.202314521525,2.0
0.803761919686,0.308753123803,3.0
0.748442638948,0.860955635524,4.0
0.0743880168195,0.482505567251,1.0
0.312271698842,0.275069716758,2.0
0.840651164313,0.220031061362,3.0
0.844577048106,0.75077016623,4.0
0.203676350308,0.732112692332,1.0
0.250375228871,0.234905820783,2.0
0.848999558226,0.305463488134,3.0
0.743094373093,0.763623288829,4.0
0.167591812709,0.775391063812,1.0
0.224673490635,0.17374365397,2.0
0.867090053461,0.319860584911,3.0
0.646424790364,0.659516953797,4.0
0.168266638089,0.746133830951,1.0
0.195251912411,0.291810240825,2.0
0.866307536376,0.343748816104,3.0
0.75037780304,0.835154999751,4.0
0.1669939342,0.720629214809,1.0
0.189669246564,0.326986806503,2.0
0.791772436637,0.372376860697,3.0
0.704068649309,0.730427344126,4.0
0.201461194943,0.673538795809,1.0
0.268535505559,0.257793187967,2.0
0.81532035759,0.311139118785,3.0
0.728175783688,0.805859077347,4.0
0.210884068384,0.693741768998,1.0
0.18526171913,0.217774971168,2.0
0.86168204479,0.288471945682,3.0
0.75756756069,0.698739739684,4.0
0.232266060969,0.698880923455,1.0
0.232855632778,0.300559149024,2.0
0.856952348265,0.374019304247,3.0
0.692980499839,0.759852999447,4.0
0.206491061941,0.691317672947,1.0
0.248759434065,0.285523730086,2.0
0.814447919091,0.378604004936,3.0
0.722034792959,0.815089074244,4.0
0.238547517681,0.698791351576,1.0
0.225248065732,0.29340018087,2.0
0.793202844226,0.306358685615,3.0
0.719051713014,0.75280357024,4.0
0.248658304638,0.70381790682,1.0
0.234019377495,0.280432700919,2.0
0.860638396424,0.315898479664,3.0
0.702646591681,0.75757550613,4.0
0.170509775755,0.660742140713,1.0
0.212964739049,0.326328177955,2.0
0.851838828506,0.373755089096,3.0
0.745210168741,0.778179762973,4.0
0.21265428717,0.634378802559,1.0
0.176770713509,0.346123098778,2.0
0.842720247458,0.430647311769,3.0
0.675532959854,0.720745924439,4.0
0.200209600947,0.739476911452,1.0
0.266813430516,0.271248095294,2.0
0.82902582217,0.353915514728,3.0
0.743984743123,0.789782488969,4.0
0.255023824284,0.635304366654,1.0
0.28437807485,0.30318523561,2.0
0.802054886011,0.274851903321,3.0
0.683977997459,0.833469498602,4.0
0.199249134626,0.729461406863,1.0
0.230694405606,0.320340415701,2.0
0.830167974379,0.333840073409,3.0
0.729320093195,0.78119765993,4.0
0.195155800646,0.734514942141,1.0
0.269238365902,0.238288088634,2.0
0.830855924611,0.335221749161,3.0
0.707057033951,0.745241113377,4.0
0.202682566516,0.726062345558,1.0
0.266988204302,0.220386782108,2.0
0.805484871433,0.344925551998,3.0
0.725192112692,0.738964229399,4.0
0.206439284847,0.613276320016,1.0
0.301610936532,0.250297802381,2.0
0.766366649932,0.327369921093,3.0
0.763377889936,0.720972910624,4.0
0.202859913156,0.685589981444,1.0
0.266517811873,0.242528130279,2.0
0.825754775591,0.337428643399,3.0
0.732730445206,0.766960847315,4.0
0.205919975979,0.652657253071,1.0
0.206162827063,0.306932551075,2.0
0.809553657748,0.318239822819,3.0
0.754703569246,0.754831993862,4.0
0.230362254532,0.679258543424,1.0
0.261214207042,0.282398687013,2.0
0.826602312871,0.325259819853,3.0
0.704269878838,0.758759422552,4.0
0.237566744798,0.611809695173,1.0
0.284972651909,0.319062438038,2.0
0.86118270754,0.362110558928,3.0
0.683797899297,0.810971290848,4.0
0.206671208506,0.715053761394,1.0
0.240447137093,0.284980578086,2.0
0.850849844792,0.329798617839,3.0
0.722197477294,0.773890893785,4.0
0.219031013906,0.704357786354,1.0
0.267937835139,0.238556599389,2.0
0.820392848453,0.379239708939,3.0
0.724641046945,0.773724838607,4.0
0.212881075977,0.723023129732,1.0
0.265070654574,0.284970509405,2.0
0.825985669827,0.327544538444,3.0
0.70925904899,0.795946863585,4.0
0.218555883281,0.709343632289,1.0
0.261592390098,0.23688097997,2.0
0.834523811776,0.327596958358,3.0
0.736655275212,0.804491227121,4.0
0.218445697521,0.719832058187,1.0
0.265849293184,0.299068383529,2.0
0.83665154967,0.322453844612,3.0
0.704157489106,0.804969632009,4.0
0.166041523172,0.650127851084,1.0
0.238735575179,0.25714086798,2.0
0.829351273744,0.39832001453,3.0
0.763329837977,0.747563550899,4.0
0.188127635356,0.64175150814,1.0
0.25838448856,0.168745470797,2.0
0.815846482286,0.375846172748,3.0
0.657875375322,0.857414077776,4.0
0.234424161967,0.694232713523,1.0
0.226734447552,0.301272813482,2.0
0.795835784948,0.3292049999,3.0
0.743600174127,0.8076839881,4.0
0.239185712809,0.713304595679,1.0
0.243738493118,0.241513395401,2.0
0.817277604111,0.329482755868,3.0
0.720205472991,0.799575053952,4.0
0.200787780571,0.672585968585,1.0
0.218612528218,0.233593743786,2.0
0.830061621668,0.302960854678,3.0
0.737388053478,0.730038448118,4.0
0.201156173365,0.682624503974,1.0
0.238206240714,0.301619503344,2.0
0.83041894296,0.317840328988,3.0
0.738269595992,0.793318768225,4.0
0.22550184002,0.69812511281,1.0
0.21381469459,0.287797419413,2.0
0.808415098341,0.343453854739,3.0
0.713215379933,0.776467252984,4.0
0.210006643714,0.694469887294,1.0
0.235684407984,0.230765786075,2.0
0.797419825172,0.299577012162,3.0
0.736469623812,0.783122612739,4.0
0.194222916392,0.723721118625,1.0
0.237060402176,0.304036195016,2.0
0.82757787581,0.372382691684,3.0
0.741521601956,0.814479446259,4.0
0.289835705007,0.6662402107,1.0
0.414730567908,0.154123650494,2.0
0.693517693067,0.411233118115,3.0
0.678955009808,0.619287091403,4.0
0.193462528028,0.663682756041,1.0
0.262981160477,0.261920861418,2.0
0.814666627419,0.339954106618,3.0
0.69197584437,0.759374091592,4.0
0.244048900335,0.763597994656,1.0
0.165789372065,0.277534287768,2.0
0.811895479558,0.205370222762,3.0
0.667721784731,0.661311177862,4.0
0.364139455404,0.761885710772,1.0
0.0371001637414,0.0548165593849,2.0
0.617970616402,0.530125281577,3.0
0.661936021429,0.514730732501,4.0
0.0652898841331,0.799593493145,1.0
0.0290372511152,0.442464218469,2.0
0.926182166209,0.241258846243,3.0
0.645929932363,0.858716073284,4.0
0.227215439911,0.711463214833,1.0
0.199950085294,0.301499588591,2.0
0.804260911814,0.371326830156,3.0
0.687783881556,0.697788564692,4.0
0.232582015813,0.70293062182,1.0
0.237990098137,0.254844588635,2.0
0.835270244043,0.359672852467,3.0
0.725906844569,0.75709613711,4.0
0.241372069036,0.673556418848,1.0
0.233036179151,0.301039419209,2.0
0.843000817131,0.334187273218,3.0
0.692022586094,0.785382335352,4.0
0.32438317777,0.614483071477,1.0
0.266498427624,0.441690977431,2.0
1.0,0.37911886584,3.0
0.576428471876,0.547218170358,4.0
0.273954199241,0.681780065481,1.0
0.319843645926,0.162835792952,2.0
0.738076491564,0.43523873071,3.0
0.701130749682,0.857798942154,4.0
0.228557745994,0.695388881229,1.0
0.218174326571,0.237621665607,2.0
0.818841418626,0.370123246864,3.0
0.717853618526,0.805740461614,4.0
0.366100783775,0.624785089317,1.0
0.261403179059,0.398137443483,2.0
0.627535832197,0.166161317367,3.0
0.812288873628,0.654298315424,4.0
0.271953940006,0.697697059769,1.0
0.222636239786,0.24775218158,2.0
0.867807220424,0.342565744381,3.0
0.697413464005,0.813806628399,4.0
0.228623001359,0.747409674448,1.0
0.279199304008,0.292853270793,2.0
0.81489123639,0.372258646692,3.0
0.747614699901,0.760094181547,4.0
0.208120976742,0.684203352109,1.0
0.238774237439,0.300345302311,2.0
0.806716033096,0.362346585652,3.0
0.740557265212,0.751967252682,4.0
0.209555630891,0.7149454517,1.0
0.214954752725,0.301100689386,2.0
0.827105007002,0.34148831093,3.0
0.703776070323,0.750909965109,4.0
0.174721244609,0.762457312771,1.0
0.240070419494,0.250279660666,2.0
0.848402033903,0.402995121486,3.0
0.712260527865,0.758925938761,4.0
0.201397875627,0.683406278797,1.0
0.228707862875,0.271585033402,2.0
0.830186912761,0.373529990384,3.0
0.744912419145,0.751775707052,4.0
0.197638457362,0.679184251438,1.0
0.251115615314,0.255892531081,2.0
0.853369939123,0.343414799204,3.0
0.720900436656,0.788483049068,4.0
0.194713256328,0.638361059335,1.0
0.289601674673,0.254795825178,2.0
0.865084876762,0.296222322855,3.0
0.734676885748,0.747826807355,4.0
0.0189602891358,0.533394361365,1.0
0.110931183423,0.115114803529,2.0
0.653662616029,0.108693991375,3.0
0.601114781326,0.677260824316,4.0
0.198443861046,0.689684482311,1.0
0.233895964808,0.313972775597,2.0
0.825820950885,0.320195714289,3.0
0.717807136524,0.799007523791,4.0
0.113908028193,0.617582359909,1.0
0.267304542229,0.18917057344,2.0
0.783893826681,0.272357231462,3.0
0.671203638956,0.699398004804,4.0
0.217715438557,0.700812999868,1.0
0.247373963679,0.252312486314,2.0
0.815082636231,0.341453440008,3.0
0.739724543815,0.742574118701,4.0
0.0124682340926,0.583755374484,1.0
0.209897250647,0.161435354631,2.0
0.789034033653,0.212833761168,3.0
0.807480198384,0.924781241597,4.0
0.322962790137,0.582984924049,1.0
0.268056642052,0.440302088497,2.0
0.674402840353,0.339006572587,3.0
0.553013728287,0.567216230321,4.0
0.225534731308,0.721769422532,1.0
0.230328320073,0.257750867453,2.0
0.843971591585,0.345333716602,3.0
0.725097004403,0.806176367433,4.0
0.345157355983,0.884700455762,1.0
0.0334704876154,0.0494109322224,2.0
0.748324771785,0.3108850568,3.0
0.754005379203,0.587759249568,4.0
0.222410314549,0.801060147296,1.0
0.25392565847,0.162424817417,2.0
0.787774816428,0.252816278031,3.0
0.759192089469,0.687095100104,4.0
0.20770466426,0.660951742087,1.0
0.245601379698,0.22747146066,2.0
0.805085806584,0.354467966695,3.0
0.714300092383,0.743880562525,4.0
0.231563260344,0.665290524984,1.0
0.260814906451,0.298939872313,2.0
0.837068485164,0.342495550084,3.0
0.72715693208,0.737116590098,4.0
0.16463618922,0.738685272989,1.0
0.208187968249,0.241814333388,2.0
0.772941012875,0.351694459441,3.0
0.671138596315,0.730176237065,4.0
0.225807392935,0.672210675176,1.0
0.24749818113,0.269117467253,2.0
0.843499569997,0.325976636943,3.0
0.691578311283,0.816438758362,4.0
0.2997790166,0.772819339072,1.0
0.228693678644,0.313876823413,2.0
0.738642195154,0.370269935216,3.0
0.80277804744,0.838801628736,4.0
0.238841694769,0.642586990511,1.0
0.241644614692,0.278515724674,2.0
0.824757381204,0.311257999157,3.0
0.685823212627,0.740078839408,4.0
0.350462151238,0.590475824088,1.0
0.392368992341,0.331699581001,2.0
0.97992544763,0.375385924999,3.0
0.743361372792,0.57768388027,4.0
0.18493279274,0.666704588113,1.0
0.23669363521,0.272051014369,2.0
0.858830237428,0.334802811201,3.0
0.740575123301,0.752698257237,4.0
0.224386545227,0.679576856028,1.0
0.216477780286,0.248502041217,2.0
0.774618019082,0.288355996335,3.0
0.73732335876,0.851559295592,4.0
0.214903773484,0.710937139688,1.0
0.25511745538,0.273623851278,2.0
0.823552711487,0.325197704373,3.0
0.717294800976,0.755407069268,4.0
0.246442262582,0.723181048852,1.0
0.275589713058,0.270288798091,2.0
0.801960218213,0.382046408726,3.0
0.685167774804,0.823227308098,4.0
0.251530329834,0.745971246102,1.0
0.201881523772,0.299899796146,2.0
0.849818183051,0.352776616374,3.0
0.673391874026,0.767033463477,4.0
0.228663676829,0.699972043563,1.0
0.242732665339,0.238535318625,2.0
0.824497802733,0.348598311973,3.0
0.690666072782,0.767322762582,4.0
0.0130110368154,0.57354095579,1.0
0.352164359789,0.253854203745,2.0
0.995597841466,0.429968893371,3.0
0.662308645121,0.964978568739,4.0
0.209971471921,0.672802039266,1.0
0.232781497714,0.287415438803,2.0
0.846554722492,0.319961545312,3.0
0.742143714761,0.751374782361,4.0
0.196952878058,0.724630527901,1.0
0.253002269325,0.296781785425,2.0
0.843645458192,0.363108894884,3.0
0.724613371907,0.781037149308,4.0
0.167253908376,0.699948452265,1.0
0.280204053684,0.219444981888,2.0
0.841338858817,0.302244663694,3.0
0.744715294381,0.725284644919,4.0
0.175733570922,0.660644117839,1.0
0.277559933825,0.295742935937,2.0
0.843493977753,0.265052767101,3.0
0.745400882481,0.70120919829,4.0
0.115120348716,0.730413227599,1.0
0.253607947281,0.252451809902,2.0
0.765848869283,0.320148169821,3.0
0.738600288326,0.64878924402,4.0
0.249776988695,0.609927339539,1.0
0.171759406594,0.200135137308,2.0
0.822145661494,0.399215792471,3.0
0.805755941609,0.800596782166,4.0
0.201184038431,0.676230829082,1.0
0.238355182289,0.28623683442,2.0
0.860109650386,0.334642350105,3.0
0.700564858002,0.774806016386,4.0
0.262491085104,0.688164820113,1.0
0.209541514013,0.321768998958,2.0
0.836608473198,0.323309558503,3.0
0.660325058338,0.779496999006,4.0
0.19542738677,0.674363827644,1.0
0.255748060077,0.245637294497,2.0
0.84049186482,0.334292987815,3.0
0.700819609403,0.778284123279,4.0
0.24064318411,0.720897031354,1.0
0.231983140495,0.288662321972,2.0
0.844963906039,0.34240756129,3.0
0.724784074172,0.790390322671,4.0
0.196917906411,0.729318495092,1.0
0.225505981005,0.317951500718,2.0
0.806653855904,0.35753009521,3.0
0.704009357748,0.793106632761,4.0
0.20020047553,0.723589577214,1.0
0.274425818219,0.254536783083,2.0
0.823626586894,0.367259587264,3.0
0.726685071796,0.821646510006,4.0
0.240753432743,0.631984754813,1.0
0.20657201504,0.233845057825,2.0
0.781738143164,0.329699957621,3.0
0.715253251546,0.711083434617,4.0
0.210463465259,0.686969673963,1.0
0.218765636649,0.307009440824,2.0
0.837814259462,0.317693791894,3.0
0.713857038337,0.801014001125,4.0
0.232852140805,0.691210279046,1.0
0.258874331033,0.287241641847,2.0
0.835200065416,0.310717713977,3.0
0.710945807591,0.783377100783,4.0
0.17549863296,0.749329088932,1.0
0.283468359574,0.298915779527,2.0
0.779828904625,0.350886568016,3.0
0.698883906849,0.806261011351,4.0
0.203601855287,0.728887772714,1.0
0.218281185669,0.303599354707,2.0
0.826084223768,0.354734805494,3.0
0.72691681705,0.76064619303,4.0
0.122276596181,0.703065612748,1.0
0.200218746337,0.313119116557,2.0
0.839757020148,0.265407025071,3.0
0.66558709501,0.793203146488,4.0
0.0726447638224,0.856582244414,1.0
0.040402383256,0.020801667675,2.0
0.662990010521,0.319089913231,3.0
0.864214053321,0.849471094282,4.0
0.245272246501,0.62934372202,1.0
0.230045672488,0.213687494254,2.0
0.884428039717,0.337518047429,3.0
0.690972726038,0.740249475967,4.0
0.241901307594,0.723899505186,1.0
0.229685101751,0.27117426686,2.0
0.816505633858,0.357708863433,3.0
0.71416536816,0.789511510342,4.0
0.378211601177,0.447542746791,1.0
0.136489035999,0.297486974876,2.0
0.618099091691,0.516923886168,3.0
0.595580220518,0.7405735874,4.0
0.225764747624,0.708868185824,1.0
0.259453575505,0.288528196012,2.0
0.831257559556,0.35420529769,3.0
0.716565799691,0.787570782298,4.0
0.386651133345,0.59226031838,1.0
0.0875041705131,0.310502218762,2.0
0.844151820871,0.5209579473,3.0
0.650540322252,0.581937923833,4.0
0.209703397001,0.73274260657,1.0
0.267727191864,0.305538598599,2.0
0.854252199617,0.299764538557,3.0
0.73407954755,0.734497564043,4.0
0.1804238839,0.743208835964,1.0
0.238778150785,0.312392357453,2.0
0.874610463944,0.384192701957,3.0
0.727253586664,0.848893836172,4.0
0.199479018738,0.678850323287,1.0
0.254146778587,0.287764015197,2.0
0.827421921987,0.35960874566,3.0
0.744728010709,0.736705898072,4.0
0.237349758964,0.729591449979,1.0
0.233893714111,0.263044755169,2.0
0.8065195426,0.342710098883,3.0
0.700111310265,0.795394101236,4.0
0.213689846091,0.658881002461,1.0
0.214515304074,0.234036442871,2.0
0.81140443633,0.30458891167,3.0
0.721567889935,0.790442977779,4.0
0.208566096739,0.673209773799,1.0
0.210120973799,0.277997477387,2.0
0.788139616662,0.338687927619,3.0
0.731765400286,0.758011280299,4.0
0.204215956005,0.683634357728,1.0
0.250250005971,0.297517023172,2.0
0.851133459613,0.332983588687,3.0
0.700854095806,0.791593267777,4.0
0.312246449631,0.634793390123,1.0
0.265077843218,0.426780172635,2.0
0.64566914027,0.46807751414,3.0
0.799973480039,0.825806137523,4.0
0.172861912022,0.577548694032,1.0
0.112564402472,0.0475136208849,2.0
0.683304489812,0.554387455867,3.0
0.764494396135,0.710972086689,4.0
0.199031293155,0.842845589041,1.0
0.399030923203,0.0215236160034,2.0
0.715938988433,0.0896565461506,3.0
0.506470111666,0.553354072354,4.0
0.233559901779,0.720025481961,1.0
0.238970212954,0.290959879634,2.0
0.843759002059,0.369530682836,3.0
0.72190428167,0.801030445993,4.0
0.134187699603,0.695611427456,1.0
0.175555690675,0.332081524814,2.0
0.791153976855,0.427172947887,3.0
0.741847451183,0.718892812532,4.0
0.194784298802,0.718679075853,1.0
0.240470544501,0.295512367258,2.0
0.829589895643,0.31438342876,3.0
0.708398627538,0.771304290504,4.0
0.293164958956,0.487710381203,1.0
0.37163997739,0.3977955198,2.0
0.806596794284,0.505517298181,3.0
0.526354093288,0.945156701961,4.0
0.294938763593,0.660862922641,1.0
0.167136847983,0.264409030166,2.0
0.835163742229,0.34896390829,3.0
0.749111255508,0.883014874637,4.0
0.225311421514,0.677097357289,1.0
0.246725773429,0.254529613894,2.0
0.832009870039,0.316450413142,3.0
0.690618904417,0.774060283636,4.0
0.27956281211,0.815800105604,1.0
0.241061447224,0.203608442966,2.0
0.889241950146,0.205778295373,3.0
0.706238256033,0.839052269058,4.0
0.235084997556,0.719668054537,1.0
0.262908735154,0.241518214351,2.0
0.852057688268,0.333584641205,3.0
0.715663103333,0.74765256182,4.0
0.220370744507,0.730222267431,1.0
0.243374530155,0.262551654004,2.0
0.799827100393,0.36814723763,3.0
0.733383320073,0.785577727586,4.0
0.251004669172,0.745477145465,1.0
0.251857007817,0.34589380996,2.0
0.776873445652,0.335588153368,3.0
0.752850759363,0.822868774073,4.0
0.164968176234,0.770441671335,1.0
0.294983612303,0.319196165669,2.0
0.786227538959,0.317497990467,3.0
0.737348098693,0.780826056792,4.0
0.182917759111,0.736986119225,1.0
0.234758148552,0.276574493575,2.0
0.809119269333,0.389338532281,3.0
0.703412656926,0.82077580877,4.0
0.186232660263,0.741423678712,1.0
0.243743009635,0.285690884276,2.0
0.813539182433,0.353459746331,3.0
0.740625485212,0.808546487832,4.0
0.18675068812,0.725136221338,1.0
0.236702044035,0.262774038629,2.0
0.821575881059,0.336392936498,3.0
0.706939375452,0.780496365647,4.0
0.265341377112,0.674935581637,1.0
0.266792446125,0.260591497803,2.0
0.788317480744,0.335113636466,3.0
0.770789487707,0.721015252503,4.0
0.223951474877,0.677282473784,1.0
0.250424071206,0.269993838864,2.0
0.842199627815,0.314253742171,3.0
0.728135740425,0.749944365093,4.0
0.239001630272,0.708886239721,1.0
0.211700632471,0.272163406949,2.0
0.790762209197,0.340200493905,3.0
0.672231337742,0.81638984192,4.0
0.266541210925,0.748597519679,1.0
0.199720968518,0.286863631515,2.0
0.775097534912,0.368156075584,3.0
0.681255761549,0.732968454098,4.0
0.241565678978,0.714157255623,1.0
0.242549965159,0.256363599714,2.0
0.851594488529,0.349409079034,3.0
0.720453734853,0.801789799573,4.0
0.169036625629,0.629578587062,1.0
0.204273501555,0.333656800723,2.0
0.915082212415,0.394014671133,3.0
0.741458966144,0.87748638828,4.0
0.18080064409,0.727792770827,1.0
0.270877797893,0.311213952707,2.0
0.870020843725,0.29597447799,3.0
0.741891894382,0.810244915888,4.0
0.240360959767,0.734080796244,1.0
0.218425619737,0.250610354248,2.0
0.858750248653,0.371956313696,3.0
0.731073448724,0.80367190724,4.0
0.23357753922,0.717377121956,1.0
0.22738987456,0.298140867065,2.0
0.815119242837,0.309203595914,3.0
0.735986592067,0.771633665579,4.0
0.228945250999,0.674119143157,1.0
0.23490037544,0.251370862423,2.0
0.847246765951,0.360498820314,3.0
0.723825215299,0.757675003281,4.0
0.219746442095,0.690090063516,1.0
0.238432886017,0.246387512167,2.0
0.808551339695,0.323196093299,3.0
0.739205384676,0.753111287622,4.0
0.242084233017,0.708024086703,1.0
0.222191775487,0.312151895172,2.0
0.835646475314,0.350858389325,3.0
0.699531217734,0.798999485973,4.0
0.191562404861,0.683772129965,1.0
0.269593594955,0.250918670341,2.0
0.84377032786,0.308443683607,3.0
0.693350090304,0.807662333894,4.0
0.219782038087,0.62620203772,1.0
0.28308194125,0.269535261049,2.0
0.887384123659,0.273554871554,3.0
0.699308832636,0.719835726291,4.0
0.192583660773,0.717554881524,1.0
0.285431377557,0.31894396701,2.0
0.805735000402,0.365205815412,3.0
0.704095614446,0.796873814454,4.0
0.146762633798,0.721602362997,1.0
0.308484888558,0.155261323007,2.0
0.802599640969,0.416520862197,3.0
0.685931678685,0.662072885646,4.0
0.238050780811,0.695546626691,1.0
0.239989545378,0.25530993598,2.0
0.826577289853,0.333931414946,3.0
0.73449699889,0.762969678075,4.0
0.233094037201,0.729108488355,1.0
0.267999250083,0.328670816444,2.0
0.87693088865,0.341099231125,3.0
0.659781469576,0.804392515747,4.0
0.212001914002,0.733528281713,1.0
0.228463307736,0.242434967683,2.0
0.812612644728,0.313023368409,3.0
0.710391504041,0.762245101169,4.0
0.178305693177,0.685252114255,1.0
0.245339477358,0.300195683985,2.0
0.814335235946,0.373268550242,3.0
0.713773628944,0.792823019394,4.0
0.236566696157,0.686024471205,1.0
0.255537417731,0.286072969548,2.0
0.851029815475,0.323708837471,3.0
0.695242696251,0.798643388451,4.0
0.358349682554,0.695535719585,1.0
0.208479874641,0.266720637161,2.0
0.808845636231,0.562499242584,3.0
0.884846411066,0.542377426744,4.0
0.207247045432,0.691376178762,1.0
0.266298151226,0.276671628759,2.0
0.831734504917,0.35857629481,3.0
0.720601997627,0.766526185754,4.0
0.217050687771,0.511860827317,1.0
0.227437756223,0.154971543273,2.0
0.899971274865,0.550596711583,3.0
0.621059978659,0.642011029319,4.0
0.291983480699,0.789738187316,1.0
0.187728721141,0.287033303761,2.0
0.824106932739,0.383421095698,3.0
0.70972576805,0.758667624351,4.0
0.21188530069,0.72022541377,1.0
0.266335469683,0.253084867901,2.0
0.831998388947,0.331373729892,3.0
0.743156944936,0.7631858587,4.0
0.213426646239,0.732248760805,1.0
0.270571676366,0.26495201769,2.0
0.832440588964,0.330435645728,3.0
0.69099511871,0.790488500515,4.0
0.19883030018,0.684460704796,1.0
0.241841429904,0.273511097211,2.0
0.848331014259,0.35629964396,3.0
0.71835081666,0.746128196191,4.0
0.197453908082,0.669600647006,1.0
0.2226803653,0.287235247042,2.0
0.832052559649,0.335575338076,3.0
0.729394411188,0.74542931872,4.0
0.255624366716,0.567347875706,1.0
0.329269373824,0.376190908637,2.0
0.781932206798,0.241624068499,3.0
0.75982448353,0.717768927554,4.0
0.172868622359,0.682510629578,1.0
0.227741165941,0.22435314092,2.0
0.879117370083,0.329134297789,3.0
0.750667049015,0.822238913473,4.0
0.297692647759,0.448853590945,1.0
0.113062483914,0.428324730195,2.0
0.656257512808,0.197789353265,3.0
0.756349522665,0.727801673251,4.0
0.177735729485,0.732887265299,1.0
0.241049725683,0.301573293401,2.0
0.803190102216,0.29891305554,3.0
0.691054091217,0.765756426181,4.0
0.207045243696,0.665946519496,1.0
0.238217565369,0.283249349085,2.0
0.796448712824,0.353504585698,3.0
0.747419202893,0.749007138535,4.0
0.195358907273,0.730467724115,1.0
0.239206769386,0.260313195113,2.0
0.816531378985,0.317528867276,3.0
0.708383577901,0.769096270819,4.0
0.250170035508,0.683321225584,1.0
0.232279804134,0.211924846027,2.0
0.81241821996,0.31832835906,3.0
0.761832852189,0.774524906634,4.0
0.207505338636,0.680393093297,1.0
0.254827144825,0.286323283276,2.0
0.811508547199,0.334070290736,3.0
0.695120315377,0.786667003097,4.0
0.200878537683,0.792298016939,1.0
0.318512954193,0.252258160233,2.0
0.886119300933,0.396971349608,3.0
0.694228306474,0.785196850178,4.0
0.197805030098,0.720698966611,1.0
0.212023631522,0.219670821504,2.0
0.83945493571,0.292772342962,3.0
0.743851045809,0.759025367873,4.0
0.0,0.447752432336,1.0
0.230248821786,0.0194324210368,2.0
0.842567878101,0.392596873728,3.0
0.86225502407,0.824300650733,4.0
0.203163224444,0.721287307396,1.0
0.298778849608,0.222394222252,2.0
0.871467795387,0.417112515298,3.0
0.666263953066,0.734193546415,4.0
0.242297458414,0.717690664936,1.0
0.223631740835,0.23667819276,2.0
0.836089266781,0.334171819507,3.0
0.737375057282,0.767108136754,4.0
0.217601520244,0.550524336448,1.0
0.179053999779,0.414363280592,2.0
0.906435738015,0.202132224466,3.0
0.852161567865,0.583360047968,4.0
0.255836152916,0.534480671926,1.0
0.29563385423,0.404546620539,2.0
0.623335788282,0.344407978798,3.0
0.710259369589,0.530041779591,4.0
0.30333450685,0.680168770387,1.0
0.268532541405,0.250476072245,2.0
0.873711520456,0.426914350727,3.0
0.73818478422,0.717612035702,4.0
0.348106144579,0.509573992658,1.0
0.378934929886,0.29475554876,2.0
0.778336243772,0.512064740732,3.0
0.870140016071,0.527563900584,4.0
0.242800398537,0.682785568164,1.0
0.24000365586,0.256054499317,2.0
0.834854914891,0.305669310307,3.0
0.721422952014,0.759880409483,4.0
0.23011378897,0.58784665835,1.0
0.213221761375,0.304637711458,2.0
0.900871386902,0.259978717242,3.0
0.719575676329,0.854492329429,4.0
0.382707595898,0.528705857493,1.0
0.155674584848,0.427497924159,2.0
0.976652176979,0.167522883496,3.0
0.662603814791,0.620751186855,4.0
0.03994572639,0.640854273722,1.0
0.0314395248313,0.11690141171,2.0
0.855222630739,0.168869290576,3.0
0.541645016153,0.665345210253,4.0
0.231611107601,0.696940630536,1.0
0.266318470083,0.257093500882,2.0
0.827920079569,0.368831703238,3.0
0.714318804798,0.753412437425,4.0
0.219839822572,0.714132513239,1.0
0.27412722127,0.294858454385,2.0
0.857882580521,0.30831483057,3.0
0.722579276749,0.800894368483,4.0
0.303581876417,0.514427201822,1.0
0.257353387296,0.106833123158,2.0
0.62339560083,0.227299187682,3.0
0.571130499069,0.969147473129,4.0
0.214378142946,0.813519333191,1.0
0.306744834131,0.321580768505,2.0
0.756537466962,0.344903092594,3.0
0.738411488476,0.652103385136,4.0
0.26302014118,0.622720721582,1.0
0.175728865877,0.255212850917,2.0
0.848280573012,0.374667760899,3.0
0.715386997613,0.784333753723,4.0
0.167525588486,0.708097795083,1.0
0.200250255905,0.231268213562,2.0
0.814387524637,0.362442977852,3.0
0.714315274788,0.773848632668,4.0
0.218475690383,0.705274646706,1.0
0.270633412948,0.303728172029,2.0
0.856277459267,0.391260666321,3.0
0.673809032042,0.727747684153,4.0
0.0180741544681,0.754159585994,1.0
0.182985002871,0.381089152353,2.0
0.989393271258,0.415184907619,3.0
0.608077828318,0.743656968656,4.0
0.233620808921,0.662877212801,1.0
0.195767314798,0.230577204283,2.0
0.989273095458,0.38361417158,3.0
0.784101177103,0.732262836845,4.0
0.232476022572,0.702590554881,1.0
0.235713978543,0.257902041859,2.0
0.824765215666,0.36166498487,3.0
0.717224589132,0.776533172447,4.0
0.158419227873,0.639743173857,1.0
0.184382338175,0.206519636245,2.0
0.762621140006,0.296114231202,3.0
0.70121327193,0.689136527886,4.0
0.243171669004,0.679087219303,1.0
0.262295769278,0.240133076096,2.0
0.827650634681,0.365396213756,3.0
0.731921522674,0.795460968833,4.0
0.20719548755,0.713762238499,1.0
0.228013003319,0.302358440326,2.0
0.832767977036,0.320384676108,3.0
0.712470278092,0.783635346028,4.0
0.206532746794,0.716787809905,1.0
0.253106552653,0.302903604039,2.0
0.84351298798,0.322028073143,3.0
0.734555211015,0.745911156389,4.0
0.308043580006,0.773514733169,1.0
0.418349840281,0.0235540161503,2.0
0.965112051053,0.525345319286,3.0
0.546730532508,0.604618500019,4.0
0.219590280873,0.691797155305,1.0
0.27146235926,0.257462413892,2.0
0.825950200716,0.316356503409,3.0
0.732728559248,0.763623219385,4.0
0.275515626133,0.633154138445,1.0
0.191370398453,0.221516327447,2.0
0.785096952204,0.375204880201,3.0
0.736190707946,0.810850082404,4.0
0.243761827152,0.667893928462,1.0
0.23496322698,0.25995929896,2.0
0.857074376475,0.370500745503,3.0
0.689298347942,0.781470098253,4.0
0.264252785846,0.60016133197,1.0
0.228352347146,0.221868423954,2.0
0.867691502275,0.228459190725,3.0
0.639274936566,0.867472375977,4.0
0.203353248166,0.711910761124,1.0
0.226178913308,0.263370458515,2.0
0.838625237274,0.337586467644,3.0
0.696423057399,0.760611360357,4.0
0.248069231008,0.686029593609,1.0
0.284603271541,0.287688701838,2.0
0.811506410315,0.264847675764,3.0
0.734586091541,0.727163048586,4.0
0.28439426354,0.739924918345,1.0
0.319738573437,0.218493686773,2.0
0.86955633723,0.332537157583,3.0
0.634004589238,0.741156845883,4.0
0.243950199302,0.752003385126,1.0
0.237924715169,0.248457466744,2.0
0.766152904827,0.258724692809,3.0
0.66013509308,0.813941549948,4.0
0.232551120857,0.709418541972,1.0
0.205549568135,0.274090855235,2.0
0.852953220908,0.296577898967,3.0
0.69757988436,0.787088658077,4.0
0.201728390772,0.72900132945,1.0
0.221788404029,0.238820286258,2.0
0.837439505514,0.377543082032,3.0
0.687398467109,0.747134312334,4.0
0.0135274516068,0.663342672495,1.0
0.285561146472,0.103177689659,2.0
0.705964638251,0.546135438433,3.0
0.520233695634,0.921192561939,4.0
0.239824823536,0.723438164421,1.0
0.265696235899,0.26157632563,2.0
0.826751968893,0.309844079823,3.0
0.69014197414,0.798968973238,4.0
0.218847850696,0.710476194134,1.0
0.256458649322,0.311548945061,2.0
0.838182281912,0.381786482799,3.0
0.740865988233,0.765763809627,4.0
0.200803809925,0.662515843516,1.0
0.230632436108,0.203178673122,2.0
0.82899884976,0.373164152579,3.0
0.688238931564,0.809373573939,4.0
0.227715427233,0.675242182475,1.0
0.222660610002,0.246830883488,2.0
0.8500842385,0.333589799798,3.0
0.693900699326,0.770916871436,4.0
0.2448889351,0.757274864699,1.0
0.238094483648,0.322057107414,2.0
0.796002996247,0.387341669594,3.0
0.718892187065,0.81165372878,4.0
0.254245431903,0.707326637584,1.0
0.213004218233,0.29805878327,2.0
0.861232832288,0.338966298141,3.0
0.727088824676,0.761873525234,4.0
0.21284261564,0.663008300152,1.0
0.268895243232,0.278145150279,2.0
0.849464015067,0.376418682825,3.0
0.746289306764,0.793697527853,4.0
0.206131500903,0.598897155839,1.0
0.165090390658,0.448939274073,2.0
0.811869905671,0.164744546627,3.0
0.848100850039,0.574850299715,4.0
0.194714425096,0.687002454268,1.0
0.268753039737,0.283456277292,2.0
0.824267070432,0.333617486045,3.0
0.719298247694,0.769807095439,4.0
0.218248117083,0.73321837481,1.0
0.259007446235,0.219615547862,2.0
0.792542056953,0.320804870183,3.0
0.730173318604,0.829446011925,4.0
0.221217144073,0.694373051854,1.0
0.280700404885,0.273769454279,2.0
0.788707684887,0.31820799183,3.0
0.75406192493,0.803810969218,4.0
0.227706712532,0.709636118831,1.0
0.26368382644,0.254064076115,2.0
0.843181208895,0.373755847069,3.0
0.699157498001,0.778007741316,4.0
0.201968849583,0.740146779623,1.0
0.228786721721,0.251842886773,2.0
0.811848616547,0.371332231883,3.0
0.710923910672,0.767277931879,4.0
0.202287848607,0.709159072097,1.0
0.230786486146,0.275445787143,2.0
0.809417167935,0.303090137357,3.0
0.691498903555,0.771640083751,4.0
0.185069901529,0.688985850555,1.0
0.236106919192,0.24231253617,2.0
0.851124194568,0.335348865573,3.0
0.720159251168,0.804372677913,4.0
0.206222481562,0.736977491418,1.0
0.227460382423,0.260754422864,2.0
0.854520413506,0.387567023773,3.0
0.741068135696,0.787703505034,4.0
0.199172860954,0.725541027028,1.0
0.239273690971,0.245900424119,2.0
0.839814472234,0.348544864954,3.0
0.735840701472,0.783909304906,4.0
0.270606535366,0.735390100855,1.0
0.317756509188,0.153098121297,2.0
0.792465865132,0.243819361973,3.0
0.758794249398,0.716676105357,4.0
0.34708852417,0.771002732693,1.0
0.165212354553,0.217939833559,2.0
0.883979799935,0.558668857666,3.0
0.74709538525,0.820743311635,4.0
0.206018397783,0.758725267512,1.0
0.240875729884,0.286546988376,2.0
0.793931353057,0.375886117664,3.0
0.701690235287,0.787418427457,4.0
0.226553806627,0.739337488797,1.0
0.242199000452,0.23725529228,2.0
0.84576678121,0.339251086443,3.0
0.703266986766,0.80691437695,4.0
0.0499221380427,0.914447078658,1.0
0.0516644007353,0.0338542060754,2.0
0.715729105697,0.282874720391,3.0
0.738373639639,0.648452775102,4.0
0.213613639083,0.714816943956,1.0
0.214088267994,0.238825778084,2.0
0.835427993332,0.376400670231,3.0
0.69199482523,0.726139768144,4.0
0.241616704697,0.672172723776,1.0
0.233240298527,0.302309543841,2.0
0.834215082919,0.375498736478,3.0
0.712362061531,0.782005995249,4.0
0.226595232959,0.727834821215,1.0
0.22529676736,0.256544353868,2.0
0.825158979281,0.368696908438,3.0
0.706192625932,0.779673225344,4.0
0.248137177511,0.655473011707,1.0
0.273406175016,0.29906175782,2.0
0.896247012486,0.291191189196,3.0
0.674208124217,0.792551934965,4.0
0.202121237769,0.687648396521,1.0
0.249140283824,0.253302596101,2.0
0.832857261313,0.374399855969,3.0
0.733926337912,0.756537332962,4.0
0.21908356603,0.776320598129,1.0
0.276064639464,0.219159635264,2.0
0.859685119575,0.330335768478,3.0
0.670983518771,0.836226886956,4.0
0.202442041656,0.636532833659,1.0
0.204874634454,0.286620517391,2.0
0.792734303032,0.278293678139,3.0
0.689225913911,0.807330254236,4.0
0.265898614489,0.702214275033,1.0
0.204856620473,0.299242029803,2.0
0.772131655591,0.252011477396,3.0
0.67774123315,0.737989439692,4.0
0.125087519291,0.856409413285,1.0
0.144072296163,0.353947059245,2.0
0.744189418739,0.265148540533,3.0
0.5497336345,0.921494049108,4.0
0.215994721536,0.73940615509,1.0
0.272607929649,0.289876560071,2.0
0.820465499948,0.366872833994,3.0
0.729122747935,0.801749397181,4.0
0.207790570636,0.71068321096,1.0
0.214557921284,0.288433006765,2.0
0.810145512484,0.388315718715,3.0
0.684321269942,0.808547300681,4.0
0.217660042441,0.682611881216,1.0
0.248492321352,0.308413667026,2.0
0.839080142822,0.356970382403,3.0
0.748655431087,0.773507137766,4.0
0.190132802361,0.489381258934,1.0
0.389318736852,0.246158485524,2.0
0.968982885016,0.447336462843,3.0
0.76241681865,0.804625691509,4.0
0.207576331423,0.658497125514,1.0
0.188012643293,0.271098588869,2.0
0.731767031005,0.352346339896,3.0
0.648837984073,0.805922651547,4.0
0.207446936184,0.702718201941,1.0
0.267347971421,0.279554279706,2.0
0.849427088986,0.335898031512,3.0
0.710361797755,0.773525887865,4.0
0.228873409624,0.720867662855,1.0
0.264708935245,0.26525403055,2.0
0.825057869002,0.318784092316,3.0
0.698143472849,0.725659880843,4.0
0.346472152765,0.747685091441,1.0
0.0398499034074,0.311134415953,2.0
0.983494241946,0.371603788724,3.0
0.5967003255,0.820361690322,4.0
0.1980173154,0.71830489155,1.0
0.255188248994,0.277090818288,2.0
0.842535023029,0.352629970882,3.0
0.712309261539,0.742401866288,4.0
0.228028584342,0.675413444787,1.0
0.249761451033,0.294222853755,2.0
0.834017750284,0.317601223808,3.0
0.733594440731,0.762423960012,4.0
0.281947189117,0.541941875038,1.0
0.289220278393,0.10321777573,2.0
0.897735441035,0.193822795875,3.0
0.516565172322,0.891732669531,4.0
0.201475734503,0.696956821061,1.0
0.268982440343,0.28192897233,2.0
0.83893554927,0.316766814245,3.0
0.70556620052,0.787389365811,4.0
0.189046001392,0.56865265439,1.0
0.165305332122,0.153892329121,2.0
0.805586274119,0.303372722861,3.0
0.779860525497,0.714969266289,4.0
0.232787633122,0.714957563425,1.0
0.230022271439,0.298016459447,2.0
0.8562313134,0.368302932394,3.0
0.73673204434,0.778436933998,4.0
0.227884609621,0.734346001523,1.0
0.236064502936,0.217906568456,2.0
0.859164410532,0.328965747609,3.0
0.738936158809,0.779233681246,4.0
0.216321137155,0.641202574801,1.0
0.227848272132,0.323231267586,2.0
0.78650242626,0.304654581116,3.0
0.746643342388,0.778684023698,4.0
0.230065744513,0.691657672783,1.0
0.247894002191,0.227134352438,2.0
0.821621289355,0.317954981751,3.0
0.722193952227,0.759878446103,4.0
0.220424970812,0.67766364434,1.0
0.215928600668,0.282539224082,2.0
0.843897580723,0.314056307261,3.0
0.715232924767,0.743585587951,4.0
0.215495048573,0.665566149197,1.0
0.227304189561,0.238059244117,2.0
0.837749937385,0.339750504674,3.0
0.734405331181,0.754306036899,4.0
0.202350443737,0.720039574748,1.0
0.248172746565,0.260466445357,2.0
0.848947997608,0.325919253726,3.0
0.685652365508,0.75048846104,4.0
0.232427635753,0.724505676241,1.0
0.264532991763,0.259004783606,2.0
0.850664206577,0.361401727734,3.0
0.699148931111,0.754400603881,4.0
0.230640735774,0.723926256229,1.0
0.244738543152,0.278254597664,2.0
0.805845446103,0.315315201445,3.0
0.723673917445,0.765210130493,4.0
0.218815417078,0.630923078535,1.0
0.150005188629,0.326510048105,2.0
0.775601544961,0.252369964039,3.0
0.78464593914,0.645571627817,4.0
0.269413419027,0.706588201374,1.0
0.237617027207,0.223277543123,2.0
0.911411478124,0.284580244773,3.0
0.698710465362,0.849499338125,4.0
0.111947586299,0.450405573933,1.0
0.298194890889,0.142851902156,2.0
0.691267664684,0.198973624112,3.0
0.683489374895,0.990745305401,4.0
0.222752744796,0.737147554371,1.0
0.263005377666,0.243512498015,2.0
0.851279848271,0.342830673264,3.0
0.738021456096,0.835049663746,4.0
0.196207104033,0.716459396212,1.0
0.24349884111,0.232785693766,2.0
0.801697339981,0.328968128443,3.0
0.730422670143,0.782442571714,4.0
0.148943186129,0.746776145294,1.0
0.302795328029,0.367442934793,2.0
0.764708937679,0.312246817746,3.0
0.797600528576,0.76696222016,4.0
0.222653848943,0.692660224048,1.0
0.224111866494,0.28040923977,2.0
0.837122910338,0.365342498113,3.0
0.695519203226,0.76010459444,4.0
0.212005247004,0.705641364526,1.0
0.255358430024,0.241243050796,2.0
0.8213796419,0.351354158522,3.0
0.714595055454,0.779726775,4.0
0.184678287029,0.685436066497,1.0
0.24023547245,0.277430156971,2.0
0.8181800469,0.353640704271,3.0
0.702398239264,0.753728266011,4.0
0.204053919712,0.698208014191,1.0
0.213579459332,0.317988897069,2.0
0.820385844314,0.354793954927,3.0
0.740519564161,0.738516962349,4.0
0.244366975776,0.645954728246,1.0
0.250591898525,0.220888859834,2.0
0.845554977134,0.276948080451,3.0
0.68953157069,0.791037068279,4.0
0.220436137233,0.698175926199,1.0
0.248240028794,0.297084576284,2.0
0.85549120899,0.37301022258,3.0
0.704982736533,0.766767227813,4.0
0.219120311892,0.688761335704,1.0
0.290570958958,0.317239963499,2.0
0.866544901233,0.383949383519,3.0
0.672084525201,0.807721216555,4.0
0.230810840263,0.744693458722,1.0
0.206981799817,0.31960394613,2.0
0.805460114399,0.343981611837,3.0
0.723551363524,0.745550454746,4.0
0.183442398415,0.756290840642,1.0
0.257470401874,0.311372339784,2.0
0.818713707747,0.348213140277,3.0
0.74614464855,0.718231954165,4.0
0.188979197147,0.709253329945,1.0
0.289582312411,0.274954501167,2.0
0.857964531621,0.321277692394,3.0
0.753460021382,0.713089941076,4.0
0.174873817505,0.670240568347,1.0
0.251572449184,0.254213413126,2.0
0.797427658954,0.337763284498,3.0
0.722798141466,0.752831386365,4.0
0.164258187856,0.588353216699,1.0
0.272882539586,0.303160964116,2.0
0.808025765248,0.428980023024,3.0
0.768281850162,0.844132912819,4.0
0.255154542664,0.802119287016,1.0
0.241551265947,0.275035295351,2.0
0.76824684869,0.238584845507,3.0
0.80165385273,0.74604182899,4.0
0.23158623962,0.674512793441,1.0
0.191190978716,0.24351376667,2.0
0.85307816482,0.457095873779,3.0
0.61692675158,0.679393652355,4.0
0.215806124105,0.675073769606,1.0
0.252386495547,0.28382713565,2.0
0.809027834833,0.364747394735,3.0
0.734936288681,0.735388962803,4.0
0.238099365605,0.698596907876,1.0
0.216261426241,0.280840474705,2.0
0.80884252197,0.305357907206,3.0
0.697593544018,0.739962194767,4.0
0.192358064681,0.669954302809,1.0
0.224564341851,0.258517103234,2.0
0.810602226153,0.361879472182,3.0
0.737924545144,0.777177526242,4.0
0.253679214034,0.664653281288,1.0
0.240731905912,0.296962497743,2.0
0.834090955488,0.376698963309,3.0
0.724315659788,0.760456081684,4.0
0.227519914225,0.654721596469,1.0
0.272894011231,0.230276401929,2.0
0.841300276747,0.309686529243,3.0
0.719995768807,0.779303384267,4.0
0.24103635023,0.737250070053,1.0
0.226713529359,0.28031481944,2.0
0.848503134652,0.314402843857,3.0
0.70850642494,0.786155046238,4.0
0.241847447404,0.702970314477,1.0
0.23037990107,0.274143314137,2.0
0.799211401216,0.36015163924,3.0
0.676247957122,0.756545592367,4.0
0.222458292927,0.729081059327,1.0
0.229594505362,0.247131735103,2.0
0.793831259863,0.385027601213,3.0
0.721669953942,0.773453609614,4.0
0.217713424504,0.752341466794,1.0
0.234861065967,0.276560101899,2.0
0.865620520475,0.36274573049,3.0
0.741891524817,0.762536371103,4.0
0.177995261624,0.790692164622,1.0
0.169362031358,0.3505341277,2.0
0.873461162786,0.35986793958,3.0
0.621425656092,0.799116524204,4.0
0.234646545744,0.713044771119,1.0
0.266511649326,0.247939143365,2.0
0.848826921143,0.334956497225,3.0
0.729879579007,0.74129959628,4.0
0.232720495243,0.740116461545,1.0
0.262358311928,0.244379900364,2.0
0.846138522109,0.327514007713,3.0
0.688570019594,0.791302236552,4.0
0.242488981945,0.717378598007,1.0
0.281827657995,0.276213395293,2.0
0.82946978786,0.355449270964,3.0
0.753290735904,0.761631381992,4.0
0.242443660165,0.73701650484,1.0
0.240078386054,0.269690275186,2.0
0.808561418813,0.305225812414,3.0
0.734969866802,0.756212308607,4.0
0.184845840153,0.68547718496,1.0
0.271495476171,0.281062895537,2.0
0.828266611214,0.3014850891,3.0
0.751806325342,0.790557371898,4.0
0.175347068484,0.643473905405,1.0
0.206543607588,0.267026321198,2.0
0.808760688675,0.393687671005,3.0
0.706898720627,0.806973238793,4.0
0.221654542639,0.711058099228,1.0
0.258071898954,0.292907145718,2.0
0.805820868942,0.363364869596,3.0
0.726270077257,0.75100962004,4.0
0.219491758653,0.684299902708,1.0
0.23054642631,0.250662841194,2.0
0.818745247091,0.341746074177,3.0
0.741774684353,0.786668159594,4.0
0.110503822323,0.548035113456,1.0
0.232503555444,0.200136752023,2.0
0.750520357544,0.109170734408,3.0
0.699490430945,0.850962486088,4.0
0.231069248495,0.711539918344,1.0
0.241434696767,0.270237053417,2.0
0.850235657781,0.326406286923,3.0
0.735745649353,0.763429753059,4.0
0.20701527835,0.723922087139,1.0
0.234631937163,0.246049843372,2.0
0.81664694558,0.36966773294,3.0
0.691639159951,0.772950626933,4.0
0.228301732684,0.761230831838,1.0
0.257838187242,0.303911989844,2.0
0.853206137948,0.363078626391,3.0
0.695473158651,0.806851626389,4.0
0.229102908286,0.740622973039,1.0
0.218531899019,0.288924590057,2.0
0.794387476696,0.302838911019,3.0
0.746769012856,0.818768106815,4.0
0.237209942796,0.728181933326,1.0
0.208964842044,0.271076766136,2.0
0.806709052833,0.352978210628,3.0
0.719331644512,0.723491490104,4.0
0.245238941815,0.615303062459,1.0
0.274803443501,0.235112942243,2.0
0.821897971536,0.329763054644,3.0
0.723593551531,0.783044717826,4.0
0.197591292999,0.697674239015,1.0
0.270592364918,0.258348142089,2.0
0.820670771213,0.310725079653,3.0
0.74124550179,0.758548544919,4.0
0.172659623881,0.739690110901,1.0
0.270737785333,0.213992898695,2.0
0.827859287503,0.290312950456,3.0
0.755809451063,0.802878161398,4.0
0.248461540955,0.680996257888,1.0
0.213292892746,0.333264796767,2.0
0.865081695162,0.334144018863,3.0
0.710641384116,0.798829861497,4.0
0.230746641864,0.724688921856,1.0
0.266275911146,0.281249744029,2.0
0.821871342002,0.349419125536,3.0
0.73492254706,0.802178669253,4.0
0.17219172938,0.757832682314,1.0
0.346009733325,0.359518063143,2.0
0.679804706953,0.233563750452,3.0
0.86543728775,0.692078632488,4.0
0.187490646052,0.727523914723,1.0
0.236934083796,0.263420297666,2.0
0.795260436018,0.293459008019,3.0
0.723858203635,0.783317272257,4.0
0.152433815946,0.618902861886,1.0
0.239025409427,0.32284507813,2.0
0.818223073601,0.363882549846,3.0
0.70320734151,0.802339500484,4.0
0.239467245944,0.722397852547,1.0
0.233142918407,0.279553308121,2.0
0.80459738788,0.318505424397,3.0
0.702830699748,0.773851958316,4.0
0.204695885675,0.712962116522,1.0
0.224704763655,0.242928992733,2.0
0.822854548615,0.355139895276,3.0
0.726453816062,0.758967892836,4.0
0.241450224072,0.727476464344,1.0
0.266334362773,0.265309113494,2.0
0.851230844102,0.341758773973,3.0
0.696485350827,0.795227236028,4.0
0.189347621306,0.740009034875,1.0
0.254090754598,0.272030865988,2.0
0.801935736002,0.347277298072,3.0
0.697222839569,0.748937888661,4.0
0.249974276438,0.728537356789,1.0
0.242356545312,0.306345304253,2.0
0.829245909804,0.335762175554,3.0
0.679042550664,0.777191621057,4.0
0.204859855058,0.664220411662,1.0
0.308500686135,0.347123513399,2.0
0.846805818865,0.365653762518,3.0
0.73470699976,0.731784051488,4.0
0.259582899831,0.682464779293,1.0
0.195944466264,0.275625032554,2.0
0.789290739222,0.290989890639,3.0
0.737888643868,0.790980147728,4.0
0.244866939185,0.663252286112,1.0
0.281495684689,0.279238293959,2.0
0.820760167104,0.370613169255,3.0
0.690829052014,0.716864289439,4.0
0.142090279043,0.74863763706,1.0
0.328409486717,0.0349424695407,2.0
0.918855038287,0.401807729896,3.0
0.573193621388,0.678410507747,4.0
0.197431712703,0.718345053017,1.0
0.243090707849,0.243806527617,2.0
0.80733738397,0.343340823787,3.0
0.70763812688,0.794881930832,4.0
0.228714037598,0.687241087023,1.0
0.226647134663,0.256745468701,2.0
0.811907728789,0.35415018658,3.0
0.71112953695,0.800983725634,4.0
0.306515249545,0.842804430733,1.0
0.160200892055,0.388381596576,2.0
0.974069275281,0.453519957416,3.0
0.840059662072,0.970656145577,4.0
0.238711085972,0.67646152944,1.0
0.230349999108,0.25504972582,2.0
0.840257817162,0.322601707989,3.0
0.735287446749,0.773732562959,4.0
0.220054550243,0.70334376705,1.0
0.220224205944,0.261280429888,2.0
0.823465527312,0.372555021094,3.0
0.716663232076,0.783457972804,4.0
0.202596196168,0.73131567872,1.0
0.281632548562,0.202256584461,2.0
0.791195524152,0.300185362283,3.0
0.720840065612,0.795198079546,4.0
0.227046274606,0.676024187872,1.0
0.264634804797,0.242904804897,2.0
0.841938200382,0.308752360889,3.0
0.729559303665,0.741320279669,4.0
0.201197200611,0.813909668308,1.0
0.174490874365,0.231978763975,2.0
0.903942696513,0.296777872145,3.0
0.799293069391,0.657418818885,4.0
0.217347239977,0.706541383709,1.0
0.217300046467,0.241917577789,2.0
0.81988899932,0.37025731854,3.0
0.71227732619,0.761632422076,4.0
0.198329996469,0.73997498277,1.0
0.260413616444,0.289343125769,2.0
0.841675816883,0.347933486501,3.0
0.689508822986,0.728178619348,4.0
0.196511023047,0.732660299331,1.0
0.274532261076,0.266440557391,2.0
0.81605317089,0.379455261073,3.0
0.704363333711,0.745318514615,4.0
0.230668946917,0.74105971494,1.0
0.233363568356,0.255384926974,2.0
0.830120087822,0.311027646562,3.0
0.732803122592,0.803058287923,4.0
0.177794866776,0.745375479491,1.0
0.28372362027,0.252229780064,2.0
0.836192217179,0.308164278292,3.0
0.690246283475,0.725828520573,4.0
0.212047414275,0.75087723804,1.0
0.206677507809,0.32455365632,2.0
0.784060393771,0.396489524855,3.0
0.718492051389,0.722701266514,4.0
0.218505955937,0.737591077856,1.0
0.266871191261,0.228559380218,2.0
0.85756165568,0.326637893661,3.0
0.693520317545,0.739644565997,4.0
0.219291654748,0.727749782678,1.0
0.264806310979,0.234828798007,2.0
0.825631038006,0.29679755536,3.0
0.75258624249,0.748700146803,4.0
0.244717318769,0.65998425869,1.0
0.266181496734,0.3013427135,2.0
0.731984699716,0.224918977848,3.0
0.694792074469,0.784811729296,4.0
0.23941456872,0.724360396799,1.0
0.219043459569,0.280600159258,2.0
0.847365023538,0.361489100482,3.0
0.742585313747,0.767917492634,4.0
0.135509606133,0.764705366484,1.0
0.154900325411,0.271585676223,2.0
0.677187687818,0.32953598404,3.0
0.79773502374,0.608981456484,4.0
0.322752572624,0.886596887441,1.0
0.199678206799,0.431607151613,2.0
0.736124918784,0.240226833501,3.0
0.632564014974,0.79301972465,4.0
0.240402276646,0.713721189444,1.0
0.217219340604,0.2594971887,2.0
0.853944066383,0.355978608223,3.0
0.739813007012,0.750668054554,4.0
0.190368812712,0.6970405654,1.0
0.21851708383,0.261618865258,2.0
0.834258387742,0.298199403258,3.0
0.677919832956,0.737305305282,4.0
0.215537493895,0.68554603511,1.0
0.243573306811,0.271435795976,2.0
0.854098992966,0.368127588597,3.0
0.696348516951,0.766345219713,4.0
0.210627401462,0.660544756919,1.0
0.215142088929,0.287418909285,2.0
0.849555579811,0.377839422875,3.0
0.701242744675,0.774893011771,4.0
0.0542472793736,0.820185326407,1.0
0.405910565822,0.150898506182,2.0
0.963599255837,0.410757595091,3.0
0.524703389485,0.818122320751,4.0
0.216349765581,0.738489571384,1.0
0.235432629289,0.290846641567,2.0
0.845012220627,0.324247362094,3.0
0.702830863196,0.748721314785,4.0
0.212983574774,0.738542071767,1.0
0.258578477551,0.298615145492,2.0
0.851889322019,0.337906563926,3.0
0.691802799977,0.817696777474,4.0
0.195055771926,0.705666413586,1.0
0.224184163008,0.270261803475,2.0
0.846352939881,0.341795667959,3.0
0.708325246835,0.768294932614,4.0
0.160836379446,0.688248247137,1.0
0.283152461531,0.156509591821,2.0
0.822444162658,0.393800952332,3.0
0.623596170401,0.660494552144,4.0
0.259936143316,0.613853809332,1.0
0.312141580069,0.208523193411,2.0
0.821055560233,0.243345792509,3.0
0.762404590054,0.757545404192,4.0
0.111635221077,0.59229195314,1.0
0.197764208347,0.196235326488,2.0
0.890608232186,0.30285698032,3.0
0.675485463124,0.652274231312,4.0
0.225822145992,0.720086392535,1.0
0.248064159463,0.241206679773,2.0
0.808327451107,0.295873591032,3.0
0.718662428608,0.783062724816,4.0
0.22797233708,0.721805514149,1.0
0.23071159481,0.239242621862,2.0
0.830699353283,0.352215367085,3.0
0.719055310981,0.785400528862,4.0
0.229945495012,0.719416881521,1.0
0.224133603298,0.265256109519,2.0
0.804744290175,0.32802099342,3.0
0.713819840351,0.753458015488,4.0
0.201299462144,0.691880822235,1.0
0.215753889342,0.283838649264,2.0
0.850975938774,0.375077406994,3.0
0.688495630326,0.724286582865,4.0
0.195529632097,0.664166721794,1.0
0.245675059758,0.301307658023,2.0
0.815237127964,0.321867690351,3.0
0.719903452824,0.795436827757,4.0
0.245402015796,0.694736902487,1.0
0.253795591876,0.247976627429,2.0
0.834532829611,0.357411427029,3.0
0.703752359502,0.761169019928,4.0
0.254076191934,0.703097601045,1.0
0.226668336211,0.278649408898,2.0
0.788577412494,0.370608668051,3.0
0.688716371874,0.743930365521,4.0
0.167766821324,0.746919684948,1.0
0.233328184684,0.256848011108,2.0
0.835162768994,0.333448134109,3.0
0.755636473488,0.710060379731,4.0
0.187998023607,0.69482914222,1.0
0.231209152482,0.300715395253,2.0
0.835387343057,0.327120256565,3.0
0.671833882263,0.790743726437,4.0
0.189327206458,0.686190603603,1.0
0.247905551851,0.292360768312,2.0
0.798583804984,0.29868183824,3.0
0.703005369607,0.76851488836,4.0
0.176635137691,0.77387758175,1.0
0.246141925828,0.272292051749,2.0
0.780354749174,0.330686656474,3.0
0.667388334157,0.810515902826,4.0
0.233910626957,0.730704345929,1.0
0.271690382738,0.28192954633,2.0
0.802111440404,0.326917539884,3.0
0.719106426932,0.739874481009,4.0
0.233303045342,0.711553694697,1.0
0.233815627693,0.297013174837,2.0
0.852701795125,0.316103620745,3.0
0.732039309966,0.760243139756,4.0
0.263943745079,0.583143220875,1.0
0.372409879296,0.0851969420244,2.0
0.632864722083,0.561678518363,3.0
0.531730673736,0.531978195484,4.0
0.212466734385,0.681565581488,1.0
0.270881779131,0.237815218697,2.0
0.810345764711,0.345453066949,3.0
0.739514882654,0.774906866267,4.0
0.239146432502,0.683840452838,1.0
0.238759940816,0.269400224485,2.0
0.819379136872,0.362448707447,3.0
0.733226211898,0.762518582924,4.0
0.211145203753,0.658516947759,1.0
0.255129758521,0.307432806575,2.0
0.841237174084,0.385210706435,3.0
0.720220095746,0.724538976466,4.0
0.139050049563,0.479011108934,1.0
0.120199638695,0.324272286451,2.0
0.630188264883,0.289271461745,3.0
0.541153512841,0.655954590357,4.0
0.210054490916,0.709694930618,1.0
0.234180628756,0.226521712272,2.0
0.80809604328,0.328297375896,3.0
0.731704120707,0.833470989016,4.0
0.264961720365,0.672055018239,1.0
0.205677639028,0.34502466832,2.0
0.886674146899,0.25551861976,3.0
0.679679946439,0.770399898317,4.0
0.252228482949,0.570178449938,1.0
0.354678102864,0.160360479748,2.0
0.721567114466,0.379042233025,3.0
0.87084116567,0.991934456399,4.0
0.241236493661,0.654292262508,1.0
0.231278186338,0.308203428471,2.0
0.826390038056,0.312898935974,3.0
0.668050017182,0.806049739685,4.0
0.152910094699,0.737526134247,1.0
0.274879783339,0.234985749259,2.0
0.84487293677,0.364535711682,3.0
0.731462951636,0.749957069741,4.0
0.239081472703,0.756096218264,1.0
0.258470691624,0.326785908437,2.0
0.800576593643,0.286070162419,3.0
0.755774388848,0.744530626758,4.0
0.178466333022,0.706055504695,1.0
0.186755880848,0.253003462479,2.0
0.780809149994,0.357661711963,3.0
0.773555331244,0.719940436241,4.0
0.24469656144,0.723405589203,1.0
0.270693526276,0.282975063358,2.0
0.805546942866,0.360166883297,3.0
0.743007735383,0.789308242172,4.0
0.175505012968,0.76530132784,1.0
0.256350488586,0.326706659148,2.0
0.847921916606,0.343758915163,3.0
0.774598749703,0.727637515474,4.0
0.237033582643,0.713317169142,1.0
0.253659361647,0.296346742267,2.0
0.841891756759,0.3491487775,3.0
0.747957138988,0.816889579462,4.0
0.181429400506,0.707967710321,1.0
0.238057239539,0.298645809898,2.0
0.802316260442,0.296254075941,3.0
0.712984813986,0.775960071004,4.0
0.101399119706,0.847194959998,1.0
0.208829127712,0.32850917032,2.0
0.885997100741,0.288261989663,3.0
0.641842970468,0.793336410311,4.0
0.20400619159,0.731528194499,1.0
0.271792179231,0.310122089491,2.0
0.857351446494,0.370325839959,3.0
0.687606780546,0.821329054006,4.0
0.229165553846,0.688345384221,1.0
0.249041940049,0.29736823386,2.0
0.815007823589,0.309684944057,3.0
0.716066752745,0.780490871149,4.0
0.200546373936,0.717897281269,1.0
0.207080071277,0.288960679071,2.0
0.798129220364,0.34012960526,3.0
0.691443126807,0.822584020809,4.0
0.189774351253,0.702011351734,1.0
0.218243414451,0.256009884049,2.0
0.823046482382,0.310451217472,3.0
0.743085153647,0.81068257775,4.0
0.135717451366,0.599227226389,1.0
0.160458981203,0.15534616276,2.0
0.908859075456,0.392207353645,3.0
0.743493828606,0.687842590984,4.0
0.234808016899,0.700793837473,1.0
0.221177003047,0.282507434678,2.0
0.847393190536,0.357124630996,3.0
0.705205323535,0.749476848805,4.0
0.235341207412,0.731131092616,1.0
0.258310983929,0.284593252593,2.0
0.805201876136,0.344985349057,3.0
0.719440720431,0.793169024848,4.0
0.151055647015,0.811580803651,1.0
0.17159941686,0.206336135093,2.0
0.880040935426,0.320883316598,3.0
0.771668053286,0.713513663156,4.0
0.234241216825,0.738926081673,1.0
0.214504572515,0.226099740317,2.0
0.842852000661,0.300568895136,3.0
0.735587327857,0.783097326145,4.0
0.206657494244,0.711594368299,1.0
0.226420232289,0.268441062633,2.0
0.823573057635,0.311947656007,3.0
0.725934145122,0.787043328228,4.0
0.288743649037,0.854651288336,1.0
0.0490224142293,0.0639838826964,2.0
0.691970094901,0.223545362734,3.0
0.699316377808,0.95361041489,4.0
0.199717240544,0.718996551977,1.0
0.208629988815,0.244544962869,2.0
0.851094586351,0.307301115272,3.0
0.711410680348,0.755060999584,4.0
0.39295792861,0.452559316756,1.0
0.298855502768,0.373841744493,2.0
0.851493271901,0.263834533209,3.0
0.57315335124,0.709558705761,4.0
0.212425617873,0.696034389074,1.0
0.22972927291,0.302307457956,2.0
0.823148789616,0.373985212133,3.0
0.705750020029,0.7750711657,4.0
0.208716870252,0.704867335537,1.0
0.224856616322,0.23929095253,2.0
0.843382484785,0.319001590942,3.0
0.721207468377,0.768543937722,4.0
0.332366712518,0.473305583817,1.0
0.185806108152,0.102448283343,2.0
0.677791673995,0.32932467236,3.0
0.739149904361,0.546236046252,4.0
0.234297333795,0.714639696033,1.0
0.254164046331,0.260924375176,2.0
0.819820193326,0.354171220611,3.0
0.73498230084,0.76177041277,4.0
0.201321562828,0.711942860222,1.0
0.246560019523,0.301685814227,2.0
0.8025188563,0.312807991496,3.0
0.711877274929,0.777025554596,4.0
0.216449622352,0.720765654938,1.0
0.260388806111,0.265785929815,2.0
0.818166543121,0.362927035019,3.0
0.706120109201,0.79653283237,4.0
0.260805106992,0.667804848743,1.0
0.235951681651,0.302077558992,2.0
0.824551121378,0.349787417885,3.0
0.678738158058,0.742853902549,4.0
0.200910158641,0.721986244192,1.0
0.236432720367,0.302522814166,2.0
0.824654743164,0.351100145898,3.0
0.729910141492,0.799888732377,4.0
0.195226226541,0.695155013502,1.0
0.251548022209,0.279761819395,2.0
0.83978376189,0.37297419733,3.0
0.720317978627,0.752941833347,4.0
0.161754118414,0.64014758257,1.0
0.319006726938,0.321089399947,2.0
0.768039466149,0.406415266216,3.0
0.622116851739,0.789096058022,4.0
0.231061348117,0.705758402518,1.0
0.269090707251,0.273470372767,2.0
0.807672622776,0.366735750979,3.0
0.729726172543,0.801364632024,4.0
0.235044848963,0.667587754361,1.0
0.252732491476,0.205144185172,2.0
0.856005490848,0.27932074292,3.0
0.704113307441,0.755575827935,4.0
0.241418018977,0.68379990179,1.0
0.260207692931,0.269756100954,2.0
0.827914151822,0.334072332541,3.0
0.72720934522,0.788435393708,4.0
0.292937360584,0.422832220475,1.0
0.206810787726,0.417108876578,2.0
0.762087595061,0.290100973556,3.0
0.509418023118,0.961048958341,4.0
0.150797400076,0.619676612615,1.0
0.26641394559,0.155918930658,2.0
0.86170983063,0.26230283932,3.0
0.702554284683,0.683252967488,4.0
0.211080054127,0.709991078399,1.0
0.217993772371,0.270878255374,2.0
0.833371365141,0.319055607307,3.0
0.733677490827,0.807031261586,4.0
0.19241678359,0.696659875128,1.0
0.220490922988,0.262620648083,2.0
0.800894585531,0.298179919979,3.0
0.741043635913,0.794061746729,4.0
0.234769882413,0.724001744292,1.0
0.266596661773,0.262029667356,2.0
0.817548016801,0.34745716908,3.0
0.697860099182,0.746908752345,4.0
0.196771150502,0.716957099589,1.0
0.257737958036,0.245361396506,2.0
0.847153588839,0.364052824452,3.0
0.725830156394,0.74956456135,4.0
0.189306084105,0.841095322601,1.0
0.0537621833411,0.380960083487,2.0
0.633075652043,0.489983458709,3.0
0.571814980036,0.975701979642,4.0
0.216385450605,0.672528153101,1.0
0.229896970165,0.253217115271,2.0
0.812914528389,0.340952208134,3.0
0.704420230666,0.783097645976,4.0
0.304005734227,0.674272462987,1.0
0.163947941712,0.247762536326,2.0
0.767077915959,0.374710638742,3.0
0.618853629345,0.732485915663,4.0
